node_id,true_value,pred_value,error,relative_error,res_ratio,com_ratio,mix_build,mix_land,gen_idx,attr_idx,cpi,ti_score,risk_lvl,bld_cnt,LocalDepthR,AvgDepth,DepthStd,LocalIntegrationR,GlobalIntegration,NormalizedIntegration,IsovistArea,IsovistVolume,Connectivity,Visibility,TransparencyAdjustedVisibility,sample_count,neighbor_count,path_path_depth_mean,ControlValue,VisibleSurfacePoints
0,-0.3832827000056996,8.969524247225246e-23,0.3832827000056996,99.99999739095979,-0.27936304,-0.18288113,-0.31407133,-0.32700413,-0.32912305,-0.3156403,-0.3438029,-0.2885812,0.43069777,-0.21144833,0.20254691,-0.6074069,0.7491963,0.53929806,0.53929806,0.53910327,-0.9013038,-0.5859502,0.7594993,0.256068,0.258134,0.7050296,-0.45204595,-0.5201183,0.4144096,0.41739342
1,-0.3723798955188078,9.110192724049328e-05,0.37247099537475437,100.0244615390349,2.8212378,1.4634227,2.8178113,3.2503538,3.602647,2.81405,3.4296553,7.0171533,3.6593819,11.367972,0.31146067,-0.58917314,1.0121061,0.31845477,0.31845477,0.31839266,-0.97277975,-0.58741415,2.0466247,0.7051447,0.7040312,1.5839484,-0.19907501,-0.52169126,0.70346993,0.7120293
2,-0.3774097263813019,1.3054776971722616e-05,0.3774227815515855,100.00345650072748,-0.27936304,-0.18288113,-0.31407133,4.057048,-0.32912305,3.4047692,1.8238397,-0.2885812,2.04504,-0.21144833,6.1671047,-0.5477548,1.5586818,-0.046692867,-0.046692867,-0.046780176,-1.6423706,-0.59259474,4.253125,1.9967647,1.9945102,3.0713496,1.3187505,-0.5212308,4.2754292,4.2817497
3,-0.3545747153899249,5.824514248836458e-11,0.3545747153899249,99.99999717972003,-0.27936304,-0.18288113,-0.31407133,2.392883,-0.32784545,2.2932675,1.1151773,-0.26421922,1.2378688,-0.15808694,-0.11052921,-0.60535413,0.8114644,0.51600355,0.51600355,0.5159827,-0.7109523,-0.50802505,0.29981166,-0.07864096,-0.07760037,0.84024787,1.3187505,-0.51904416,0.45570397,0.45391852
4,-0.4228661808313108,1.2084166501956453e-06,0.42286738578011007,100.00028258319658,-0.27936304,3.7889013,2.9773915,3.00265,1.0608903,2.7328727,1.9222505,1.0670927,2.04504,-0.07804486,-0.351302,-0.6089768,1.0536183,0.5964752,0.5964752,0.5966585,-1.2438399,-0.54834944,1.9546871,1.1342857,1.1341909,1.7191666,0.8128087,-0.5191592,2.0661829,2.0744157
5,-0.38398051904697045,0.00010971273777791866,0.38409023425158334,100.02857051238645,-0.27936304,-0.18288113,-0.31407133,3.592989,-0.3252903,3.0101235,1.5957763,-0.2398572,2.04504,-0.104725555,4.7203264,-0.61284083,0.47244897,0.5964752,0.5964752,0.5964946,-1.6552892,-0.59294397,1.2191869,0.15953751,0.15846284,2.3952582,0.30686682,-0.5215378,2.4171846,2.4165342
6,-0.24833767846518873,6.289555904896035e-05,0.24840057363697127,100.02532244387518,4.2301416,-0.0041509373,1.1399354,2.7182982,3.551544,2.6117315,3.4468381,4.602449,3.6593819,5.684985,0.402936,-0.60330135,0.4516929,0.46608692,0.46608692,0.46597037,-1.0922616,-0.5623525,0.7594993,0.73767126,0.73550624,0.97546613,1.3187505,-0.521461,-0.16371101,-0.1694433
7,0.06744733618974101,0.010904560952136913,0.059895369826870805,88.8031526968827,-0.27936304,-0.18288113,-0.31407133,-0.32700413,-0.32784545,-0.3156403,-0.3432822,-0.27568367,0.43069777,-0.18476763,-0.527828,1.641261,-1.0565796,-1.5850322,-1.5850322,-1.5850316,1.181943,1.7339573,-0.80343866,-1.0166656,-1.0166074,-1.0528079,-1.2109587,-0.47979856,-0.783126,-0.7830651
8,-0.2513715931597878,1.5151039051208987e-13,0.2513715931597878,99.99999602182591,-0.27936304,7.760684,4.113149,3.9930243,1.5406239,3.3498187,2.5127156,2.362578,2.852211,-0.07804486,-0.86680675,-0.63771605,-1.0565796,0.9471017,0.9471017,0.9470735,1.0823662,-0.59394467,-0.80343866,-0.8624266,-0.8644777,-0.98519886,-0.19907501,-0.5182769,-0.74183166,-0.73679996
9,0.5704634404357742,0.6102371262569054,0.05378839081408931,9.428893432699434,2.8824503,2.2994828,3.2167623,-0.32700413,3.181683,-0.3156403,1.4718515,2.1132257,2.04504,0.0019972175,-0.7377011,-0.6272105,-0.44773564,0.76921695,0.76921695,0.76899654,0.70187134,-0.58567816,-0.80343866,-0.3766264,-0.37661377,-0.579544,0.8128087,-0.521461,-0.74183166,-0.7355824
10,0.22381364656429664,0.24246307389408933,0.021122175104477826,9.437393333686007,2.671494,1.4713663,3.2217774,3.9047165,3.270475,3.274886,3.5676384,2.3797748,3.6593819,1.3893932,-0.9115756,-0.6305916,-1.0565796,0.81399065,0.81399065,0.81392574,0.84308827,-0.5913698,-0.80343866,-0.50043726,-0.5025141,-1.0528079,-0.45204595,-0.5218447,-0.783126,-0.7830651
11,-0.4811199722336788,1.0845169139241169e-26,0.4811199722336788,99.99999792151638,-0.27936304,-0.18288113,-0.31407133,0.05051269,-0.32912305,0.0040726257,-0.15739502,-0.2885812,0.43069777,-0.21144833,2.273438,-0.58386004,1.4618204,0.289715,0.289715,0.28986096,-1.32962,-0.58686125,1.770812,0.72088337,0.7197688,1.5839484,1.3187505,-0.5191592,4.543843,4.5483828
12,-0.14614191622126335,1.806017351947387e-05,0.14615997701298958,100.01235154906807,4.7795386,-0.18288113,-0.31407133,2.190216,2.9951553,1.8199424,2.92198,2.4213333,2.852211,0.48224968,-0.806945,-0.63518023,-0.309362,0.91866434,0.91866434,0.9185419,0.35587016,-0.5711587,-0.80343866,-0.7470097,-0.749069,-0.37671658,-0.9579878,1.9717674,-0.61794865,-0.6162671
13,-0.2527318164414051,5.536664949106147e-10,0.2527318164414051,99.99999604323676,-0.27936304,-0.18288113,-0.31407133,0.3308907,-0.32912305,0.24260847,-0.018370146,-0.2885812,0.43069777,-0.21144833,0.36948678,-0.5961769,0.6454161,0.37653965,0.37653965,0.37660384,-1.1095457,-0.59168994,0.94337434,1.0650356,1.0659949,0.84024787,1.0657796,-0.5218063,0.20793802,0.21772283
14,-0.3925166095004362,1.575396587244034e-31,0.3925166095004362,99.99999745233717,4.7795386,-0.18288113,-0.31407133,1.2395802,3.0060148,1.0131665,2.4564807,2.5187814,2.852211,0.6956952,-0.3573188,-0.58349776,-0.04645214,0.20107508,0.20107508,0.20098637,-0.3854023,-0.5934658,0.85143685,1.8456734,1.8476262,0.09654736,0.55983776,-0.52103907,1.4674151,1.4729689
15,-0.03145800530910492,1.289871079279692e-06,0.03145929550131162,100.00406952630077,4.7795386,-0.18288113,-0.31407133,0.22138873,3.04562,0.15019146,1.9680715,2.5431435,2.04504,0.74905664,-0.4389021,-0.62672746,-0.21250047,0.77254474,0.77254474,0.77244,-1.8987285,-0.58688104,-0.15987597,-0.16887604,-0.16677976,0.23176563,-0.45204595,1.9717674,-0.081122346,-0.074478015
16,-0.4289710802190444,1.7609298333363588e-05,0.42898868404182733,100.00410140058015,-0.27936304,-0.18288113,-0.31407133,0.7967155,-0.32912305,0.8508124,0.29248324,-0.2885812,0.43069777,-0.21144833,3.9188724,-0.55101514,1.2127479,-0.036709506,-0.036709506,-0.036613714,-1.6908619,-0.55427027,2.4143746,1.1993388,1.1971409,1.7867758,0.55983776,-0.5204636,1.6945338,1.7042947
17,-0.4764102101325989,1.6876207155291922e-05,0.4764270881811778,100.00354065632224,3.668098,0.26791617,2.0896676,3.6203647,3.6115906,4.7735405,4.361174,3.338491,3.6593819,3.3104033,-0.119911276,1.641261,-1.0565796,-1.5850322,-1.5850322,-1.5850316,-0.8046609,-0.59051853,-0.80343866,-1.0166656,-1.0166074,-1.0528079,1.8246924,-0.5201567,-0.783126,-0.78063005
18,-0.241147980093956,1.801471665328113e-05,0.24116599384476156,100.00746585148752,2.8288262,1.7632922,3.1720796,4.016426,3.5464334,5.2805853,4.473643,3.6852913,3.6593819,3.8706977,-0.24891494,-0.5801167,0.5900666,0.19926,0.19926,0.19934663,-1.3714404,-0.55987144,1.0353119,1.8624613,1.8633641,0.29937476,-0.45204595,-0.5202718,-0.53536,-0.5334768
19,-0.2857181611014347,9.183578812443263e-09,0.2857181611014347,99.9999965000476,0.69346374,9.238187,3.8436856,1.7919469,2.2369082,1.4827449,1.8347741,4.196893,2.04504,1.8696458,-0.119911276,1.641261,-1.0565796,-1.5850322,-1.5850322,-1.5850316,1.181943,1.7339573,-0.80343866,-1.0166656,-1.0166074,-1.0528079,0.05389591,-0.50868607,-0.783126,-0.7830651
20,-0.2857181611014347,0.00011658743874160755,0.28583474544917836,100.04080046687065,0.66918105,9.001866,3.8710425,1.8255041,2.2369082,1.5114692,1.848312,4.1324058,2.04504,1.9230072,-0.32386962,1.641261,-1.0565796,-1.5850322,-1.5850322,-1.5850316,1.181943,1.7339573,-0.80343866,-1.0166656,-1.0166074,-1.0528079,0.30686682,-0.50515664,-0.783126,-0.7830651
21,-0.2857181611014347,9.184134045862416e-09,0.2857181611014347,99.9999965000476,0.28268096,-0.18288113,3.5742228,0.64526725,1.6881851,0.5098685,0.99645936,0.08688024,1.2378688,0.02867791,-0.119911276,1.641261,-1.0565796,-1.5850322,-1.5850322,-1.5850316,1.181943,1.7339573,-0.80343866,-1.0166656,-1.0166074,-1.0528079,0.05389591,-0.5143638,-0.783126,-0.7830651
22,-0.4957406550061469,8.507303153005612e-07,0.49574150933938865,100.00017031752716,0.0019118953,0.9212743,3.0900095,3.134229,1.3132136,2.6217222,2.0414891,0.42364907,2.04504,0.26880413,-0.7317863,1.641261,-1.0565796,-1.5850322,-1.5850322,-1.5850316,1.181943,1.7339573,-0.80343866,-1.0166656,-1.0166074,-1.0528079,-0.45204595,-0.44699797,-0.783126,-0.7830651
23,-0.2994792426333708,0.00036036234186943985,0.2998396041346531,100.12032603197507,3.0352292,2.5556626,2.874348,2.6366131,3.1931813,2.7004015,3.1531675,2.5259466,2.852211,0.56229174,-0.85314155,-0.6516026,-1.0565796,1.2520468,1.2520468,1.2520676,0.48408556,-0.5933669,-0.80343866,-1.0166656,-1.0166074,-0.98519886,-0.70501685,1.9717674,-0.7624788,-0.77210754
24,-0.3281136453151703,7.233477185318228e-05,0.328185977304683,100.02204174935763,1.4067689,1.4713663,3.0991287,2.960262,2.1902764,2.4743547,2.4991777,1.34224,2.852211,0.4288883,0.55274343,-0.5388191,1.9807216,-0.09358426,-0.09358426,-0.0935131,-0.59181935,-0.5573316,1.1272494,2.1992686,2.1990983,0.56981134,0.05389591,-0.5203101,-0.30824116,-0.3131087
25,-0.16758713126182556,1.9613754413209486e-07,0.16758732497692108,100.00010962362276,0.22652714,-0.18288113,3.601123,-0.0011475238,1.6632721,-0.039638124,0.6590507,0.072549656,1.2378688,0.055358604,1.0994538,-0.56779987,2.0083961,0.16628471,0.16628471,0.16638762,-1.114008,-0.57526296,1.770812,1.028312,1.0292739,1.5163392,-0.70501685,1.9717674,0.29052663,0.29686058
26,-0.16758713126182556,1.960118822807999e-07,0.16758732497692108,100.00010962362276,3.4900246,-0.18288113,2.5597463,3.5285242,3.5585706,2.955173,3.6118977,2.7394724,3.6593819,2.5099823,1.3039219,-0.5816865,0.7284401,0.22315946,0.22315946,0.22295907,-1.110553,-0.5758137,2.5063121,0.6411408,0.6410809,1.9896032,-0.70501685,1.9717674,0.331821,0.32851565
27,-0.34520554542541504,8.74171994649395e-30,0.34520554542541504,99.99999710317525,4.5493584,0.7206993,0.90238833,2.8891742,3.3343542,2.7403657,3.488493,2.5574741,3.6593819,0.3755269,0.45688292,-0.61525595,0.5277985,0.63580346,0.63580346,0.63568467,0.15132365,-0.5630277,0.29981166,0.018938785,0.016824953,0.6374205,0.55983776,-0.5202334,0.9512359,0.94578993
28,0.32872917313201755,0.2741173383067636,0.05461183482525395,16.613016923210573,2.4716678,2.788012,3.5910928,3.7713714,3.603286,6.440793,4.839169,5.32901,3.6593819,7.0990615,-0.6261359,-0.6071654,-0.9873928,0.45610356,0.45610356,0.4561318,-0.9845922,-0.5677744,-0.06793844,0.9244368,0.9243569,-0.37671658,-1.2109587,1.9717674,0.6208813,0.612194
29,-0.10174088486853768,1.1687470826954643e-06,0.10174205212616454,100.00113745571863,4.5989356,-0.18288113,0.42820618,-0.32700413,3.1765726,-0.3156403,1.7207426,2.702213,2.04504,1.2826705,-0.70343614,-0.636267,-0.27476862,0.94528645,0.94528645,0.9454338,0.71445334,-0.5119308,-0.80343866,-0.87816525,-0.8802153,-0.44432575,-1.2109587,-0.5218447,-0.4734185,-0.46651417
30,-0.24833767846518873,0.00023176983927887884,0.24856944849678114,100.09332455054438,2.833885,-0.18288113,3.2500465,1.8564119,3.1682684,1.6288638,2.5736365,1.34224,2.852211,0.13540068,0.0231655,-0.6223804,0.38250616,0.7383595,0.7383595,0.73833317,-1.2623436,-0.5474224,0.29981166,0.5981217,0.5991142,0.56981134,1.5717214,-0.5195812,-0.081122346,-0.07204301
31,-0.30480913963972356,0.0001534700405660688,0.3049626087441164,100.05034596388403,-0.27936304,-0.18288113,-0.31407133,3.6225724,-0.32784545,3.0363503,1.609835,-0.27568367,2.04504,-0.18476763,1.4847311,-0.6197238,0.6177413,0.71567017,0.71567017,0.71570456,-0.044008277,-0.5800412,0.5756242,0.16058676,0.15846284,0.97546613,0.8128087,-0.5204252,0.8067058,0.8130821
32,-0.21605854379195794,2.382674574619159e-05,0.21608236957998836,100.01102283969436,3.7677581,-0.18288113,2.291195,2.2206824,3.3349931,1.8461688,2.919897,1.8079841,2.852211,0.18876207,0.14594844,-0.6136861,0.16802701,0.5852819,0.5852819,0.5853443,0.13303497,-0.54500717,-0.06793844,-0.08598572,-0.08809205,0.23176563,1.0657796,-0.5215378,1.2402962,1.2392083
33,-0.30362238428171945,2.024223591286281e-23,0.30362238428171945,99.9999967064353,-0.27936304,-0.18288113,-0.31407133,-0.32700413,-0.32912305,-0.3156403,-0.3438029,-0.2885812,0.43069777,-0.21144833,4.4145927,-0.58349776,0.50704235,0.2258821,0.2258821,0.22574663,-1.7785263,-0.58298284,1.8627496,1.3441344,1.3440249,1.3811209,2.5836053,-0.5207705,3.098541,3.1056411
34,-0.30362238428171945,1.2269381303426135e-10,0.30362238428171945,99.9999967064353,3.565908,1.5766186,2.3367894,3.5620813,3.637781,4.2989664,4.166955,5.4149933,3.6593819,7.0190196,0.80932295,-0.6183955,0.7422775,0.6999388,0.6999388,0.6999629,-0.48438442,-0.58446527,-0.43568856,-0.18041769,-0.18251728,0.1641565,2.0776634,-0.5191592,-0.65924305,-0.66861975
35,-0.30362238428171945,0.0001469026692040429,0.3037692910315944,100.04838139499638,-0.27936304,-0.18288113,-0.31407133,2.5642006,-0.32720667,2.1371574,1.0865391,-0.26421922,1.2378688,-0.15808694,2.8425837,-0.591226,1.0812929,0.3632285,0.3632285,0.3631579,-1.4896455,-0.56313944,1.3111244,1.3756119,1.3755,1.2459027,2.0776634,-0.51808506,0.8273529,0.8264746
36,-0.05706714531954597,1.3541601240214817e-12,0.05706714531954597,99.99998247678556,2.4802678,1.1714966,3.1761832,3.0883088,2.9881287,4.571222,3.7779987,1.9957148,3.6593819,0.9625022,-0.119911276,1.641261,-1.0565796,-1.5850322,-1.5850322,-1.5850316,1.181943,1.7339573,-0.80343866,-1.0166656,-1.0166074,-1.0528079,1.5717214,-0.51747125,-0.783126,-0.7830651
37,-0.4228893647006914,2.431072501024698e-06,0.4228917973883012,100.00057288921282,-0.27936304,-0.18288113,-0.31407133,-0.32700413,-0.32912305,-0.3156403,-0.3438029,-0.2885812,0.43069777,-0.21144833,-0.1984352,-0.6059579,0.78378963,0.52144897,0.52144897,0.5213939,-0.44866085,-0.5868639,0.29981166,0.79118264,0.79321057,0.6374205,0.55983776,-0.5211925,0.1253493,0.12275756
38,-0.3854191198068507,1.3315905889335735e-16,0.3854191198068507,99.999997405422,-0.27936304,-0.18288113,3.8728662,3.9104564,1.4333067,3.2798815,2.4304461,-0.25132167,2.852211,-0.13140625,0.1895955,-0.5937618,1.3787962,0.39680874,0.39680874,0.3967728,-0.40048605,-0.57509494,1.586937,0.5655952,0.5676392,1.3811209,1.3187505,-0.5212692,0.99253035,0.98231506
39,-0.41118595530005064,7.959220897386898e-21,0.41118595530005064,99.99999756801039,-0.27936304,-0.18288113,-0.31407133,-0.32700413,-0.32912305,-0.3156403,-0.3438029,-0.2885812,0.43069777,-0.21144833,2.190937,-0.545219,2.2159567,-0.042457536,-0.042457536,-0.042516824,-1.5989993,-0.5794559,3.7934377,1.6631049,1.6640215,2.5304763,1.3187505,-0.520502,1.199002,1.1953782
40,-0.4539004272105647,1.1668209466414376e-29,0.4539004272105647,99.99999779687369,-0.27936304,-0.18288113,-0.31407133,-0.32700413,-0.32912305,-0.3156403,-0.3438029,-0.2885812,0.43069777,-0.21144833,-0.6333764,-0.6110295,0.008897321,0.53929806,0.53929806,0.5394313,-0.11399047,-0.5858308,0.023999084,1.1153992,1.1132076,-0.37671658,0.30686682,-0.5218447,-0.41147703,-0.41903153
41,0.3012920474889232,0.24777736266454062,0.05679352581501007,18.849991031409132,-0.27936304,-0.18288113,-0.31407133,4.035854,-0.32848424,3.3860364,1.8139464,-0.27568367,2.04504,-0.18476763,0.77312046,-0.6292633,-0.25401258,0.8148982,0.8148982,0.8147456,-1.15963,-0.5922542,0.29981166,-0.36088774,-0.36087617,1.2459027,0.30686682,-0.5211925,0.99253035,0.9908376
42,-0.10810638277554045,0.0024655242701627166,0.11057190728538177,102.28063710807595,2.990205,0.7862337,2.9769356,-0.32700413,3.4595578,-0.3156403,1.5942143,2.5761037,2.04504,1.9763685,0.04386726,-0.5896562,0.9498379,0.3260179,0.3260179,0.3260995,-1.2756145,-0.569112,0.7594993,1.2895738,1.2915663,0.29937476,-0.45204595,-0.5209623,0.29052663,0.29929557
43,-0.2242733143708285,1.072505711800106e-05,0.22428403882419362,100.00477740872446,-0.27936304,-0.18288113,-0.31407133,3.0657902,-0.3252903,2.563025,1.3354301,-0.2398572,1.2378688,-0.104725555,-0.74718523,-0.63421416,-0.17098835,0.91382384,0.91382384,0.91378665,0.65120006,-0.5926523,-0.80343866,-0.76379764,-0.76480657,-0.038670912,-0.70501685,1.9717674,-0.16371101,-0.16700828
44,-0.22512615895738788,4.864167203283057e-18,0.22512615895738788,99.99999555804638,4.358132,-0.18288113,1.5726267,3.962558,3.4314508,3.3248413,3.905047,2.051604,3.6593819,0.10871999,-0.41534495,-0.6197238,0.65925336,0.7217206,0.7217206,0.7216076,-1.1512442,-0.58755535,0.66756177,1.3231497,1.3230413,0.23176563,1.0657796,-0.5203101,1.2815906,1.284256
45,-0.3312560565331403,2.286400931397051e-11,0.3312560565331403,99.99999698118737,2.2829707,1.6222938,3.6521893,2.5792131,3.138245,2.284525,2.8548105,2.4528606,2.852211,1.8429651,0.8148299,-0.62576145,0.4447742,0.79432654,0.79432654,0.7944127,-0.65540254,-0.56875247,-0.343751,-0.28429294,-0.28218845,0.77263874,-0.19907501,-0.5209239,0.24923228,0.25911796
46,-0.34710410763235655,0.00024342809132683803,0.34734753417033776,100.07012781629949,1.7441977,1.8030101,3.601123,2.0427418,2.604853,1.6950543,2.2544522,1.438255,2.04504,0.055358604,1.259663,-0.600524,1.2473413,0.4742552,0.4742552,0.47433305,-1.9545283,-0.57432246,0.85143685,0.23088616,0.23190479,2.2600398,1.3187505,-0.5207321,0.6415284,0.63654405
47,-0.241147980093956,4.501892108772368e-06,0.2411524799524569,100.0018618685145,3.261868,-0.18288113,3.013411,1.4122225,3.353518,1.1605343,2.4533567,1.5084748,2.852211,0.055358604,-0.31642514,-0.6379575,-0.4961664,0.96737087,0.96737087,0.9674065,0.74473184,-0.5551821,-0.80343866,-0.88236225,-0.8802153,0.09654736,0.05389591,-0.51969635,0.06340781,0.072839916
48,-0.241147980093956,7.643601872819e-06,0.24115562088349285,100.00316435958429,3.693898,1.5210135,2.1644428,3.7369313,3.7898138,3.983,4.154979,4.9936743,3.6593819,6.005153,-0.20669557,-0.64302915,-0.5722719,1.0684142,1.0684142,1.0682513,0.8629111,-0.58792275,-0.15987597,0.45437527,0.45223048,0.36698392,0.30686682,-0.5210007,0.1253493,0.12762757
49,-0.37910571343758526,3.528735001456131e-07,0.3791060663905798,100.00009046368159,3.9847848,-0.18288113,1.6893485,2.8675387,3.4838316,4.5250134,4.1336308,2.5832691,3.6593819,1.6562002,-0.28889078,-0.6072862,1.4825766,0.6094837,0.6094837,0.6096126,-1.5807083,-0.58589906,-0.15987597,-0.29268685,-0.29268017,0.43459305,-0.70501685,-0.5211157,-0.287594,-0.28267112
50,-0.4143826242755441,9.348591874485579e-23,0.4143826242755441,99.99999758677146,3.6422975,2.094936,2.1694582,3.7713714,3.8856325,4.015471,4.2028832,4.972178,3.6593819,5.604943,0.8643918,-0.5961769,0.22337647,0.35445526,0.35445526,0.35446718,-0.81950253,-0.5652333,0.20787413,0.14379889,0.14272532,0.907857,1.8246924,-0.5209239,0.20793802,0.20920031
51,-0.06920810788869858,1.886755624421384e-11,0.06920810788869858,99.999985550828,4.7198434,-0.18288113,0.10676536,1.637408,3.2896388,1.3641015,2.7584825,3.1135008,2.852211,2.0564108,0.19194107,-0.6148937,0.38942486,0.61583674,0.61583674,0.61584365,-0.8877844,-0.57840115,-0.343751,-0.1835654,-0.18251728,0.29937476,1.3187505,-0.5218447,0.08405494,0.080144934
52,0.36537595356211944,0.3948235593590082,0.039544290187312106,10.822904112735642,2.9158392,1.5587455,3.1533859,2.496645,3.570069,2.0921977,3.0266392,3.1837206,2.852211,2.8301508,0.59129155,-0.5930373,0.8875698,0.36443862,0.36443862,0.3643057,-0.93339396,-0.5806782,0.29981166,0.36518937,0.363051,0.56981134,-0.70501685,-0.5218447,-0.2256525,-0.23275347
53,-0.06920810788869858,1.886755624421384e-11,0.06920810788869858,99.999985550828,-0.27936304,-0.18288113,-0.31407133,-0.32700413,-0.32784545,-0.3156403,-0.3432822,-0.27568367,0.43069777,-0.18476763,0.36316413,-0.6066824,1.0190248,0.54171824,0.54171824,0.5417269,-0.85458004,-0.5730839,-0.15987597,0.13960192,0.13747947,0.43459305,1.3187505,-0.5218447,0.18729079,0.19215526
54,-0.10512003238659863,0.00012960114526875115,0.11287866176708657,107.38072322303121,-0.27936304,9.746575,4.2453732,-0.32700413,1.5923661,-0.3156403,0.3966217,2.973061,1.2378688,-0.15808694,0.5851728,-0.6158597,0.84605783,0.66847616,0.66847616,0.66864365,-1.6048815,-0.56787556,0.115936615,-0.2024518,-0.20350073,1.4487301,-0.45204595,-0.5218447,-0.30824116,-0.3009337
55,-0.4203537404537201,1.2913945586963868e-07,0.4203538695971171,100.00002834360271,-0.27936304,0.6114753,2.9190307,-0.32700413,1.0442818,-0.3156403,0.18522058,0.27604404,0.43069777,0.455569,0.08404708,1.641261,-1.0565796,-1.5850322,-1.5850322,-1.5850316,0.92884874,-0.59383535,-0.80343866,-1.0166656,-1.0166074,-1.0528079,0.05389591,-0.5218447,-0.783126,-0.7830651
56,0.9135201082510107,0.8853713846674153,0.09804750190061681,10.732932963571143,-0.27936304,-0.18288113,-0.31407133,0.8307141,-0.32592908,0.74965316,0.26124167,-0.20259766,0.43069777,-0.024683475,-0.20363617,-0.60040325,1.6347874,0.52417177,0.52417177,0.5241815,-0.30927035,-0.59007585,0.7594993,0.37358332,0.37354267,0.56981134,-0.70501685,-0.5218447,0.5795869,0.5878439
57,-0.4203537404537201,1.2914764132195464e-07,0.4203538695971171,100.00002834360271,-0.27936304,-0.18288113,4.162847,-0.32700413,1.6038644,-0.3156403,0.40078726,-0.05642565,1.2378688,0.29548484,0.08404708,1.641261,-1.0565796,-1.5850322,-1.5850322,-1.5850316,0.87014663,-0.59385246,-0.80343866,-1.0166656,-1.0166074,-1.0528079,0.05389591,-0.5218447,-0.783126,-0.7830651
58,0.6695416499586666,0.6496131034458384,0.03508955590865191,5.240832349523721,0.35299966,2.2994828,3.6754425,0.8011309,1.7546196,0.7896173,1.1656843,0.9180545,1.2378688,0.0019972175,-0.7317863,1.641261,-1.0565796,-1.5850322,-1.5850322,-1.5850316,1.181943,1.7339573,-0.80343866,-1.0166656,-1.0166074,-1.0528079,-1.2109587,1.9717674,-0.783126,-0.7830651
59,0.9135201082510107,0.8686602711677551,0.11221419829948276,12.283713960708779,-0.27936304,-0.18288113,4.177893,3.39827,1.5642593,2.8452718,2.227897,-0.11804718,2.04504,0.16208138,-0.14693578,-0.6070447,0.320238,0.50299495,0.50299495,0.5030287,-0.107543424,-0.5891459,0.5756242,0.36309102,0.363051,0.77263874,-0.70501685,-0.52061707,2.0661829,2.0610232
60,-0.35277332160987107,4.5662841830114165e-26,0.35277332160987107,99.9999971653186,-0.27936304,-0.18288113,-0.31407133,-0.32700413,-0.32912305,-0.3156403,-0.3438029,-0.2885812,0.43069777,-0.21144833,-0.61716175,-0.6165842,-0.37854886,0.6013157,0.6013157,0.6014138,0.13516356,-0.5888508,-0.43568856,-0.32626262,-0.32415524,-0.30910745,-0.19907501,-0.5208472,1.3435321,1.3500011
61,-0.3484412268096325,6.560206733696509e-05,0.34850683107095604,100.0188250569663,-0.27936304,-0.18288113,-0.31407133,-0.32700413,-0.32912305,-0.3156403,-0.3438029,-0.2885812,0.43069777,-0.21144833,0.21570224,-0.62225956,0.41709954,0.739872,0.739872,0.73980886,0.14918536,-0.5920351,0.115936615,0.165833,0.16370878,0.09654736,1.3187505,-0.51885235,-0.122416705,-0.11709064
62,-0.20194944096546547,3.818814530306696e-05,0.2019876288432701,100.01890467026382,-0.27936304,-0.18288113,4.2453732,-0.32700413,1.5885333,-0.3156403,0.39505962,-0.26421922,0.43069777,-0.15808694,-0.32386962,1.641261,-1.0565796,-1.5850322,-1.5850322,-1.5850316,1.181943,1.7339573,-0.80343866,-1.0166656,-1.0166074,-1.0528079,-0.9579878,-0.49878836,-0.783126,-0.7830651
63,0.571110725402832,0.565749631208532,0.026786355411305147,4.690220959059968,-0.27936304,-0.18288113,-0.31407133,-0.32700413,-0.32912305,-0.3156403,-0.3438029,-0.2885812,0.43069777,-0.21144833,-0.527828,1.641261,-1.0565796,-1.5850322,-1.5850322,-1.5850316,1.1133614,1.7339573,-0.80343866,-1.0166656,-1.0166074,-1.0528079,-0.45204595,1.9717674,-0.783126,-0.7830651
64,-0.4203537404537201,8.071103519764256e-21,0.4203537404537201,99.99999762105132,3.9362195,-0.18288113,2.6495674,0.40595245,3.6326704,0.4286914,2.2086313,1.9254949,2.04504,0.26880413,-0.7470832,-0.6249162,-1.0565796,0.7168801,0.7168801,0.71701634,0.9897661,-0.59396845,-0.80343866,-0.8246538,-0.82251096,-0.91758966,0.55983776,-0.5204636,-0.7624788,-0.768455
65,-0.4203537404537201,7.985553839134219e-21,0.4203537404537201,99.99999762105132,-0.27936304,-0.18288113,-0.31407133,2.4719186,-0.32784545,2.0609758,1.0412389,-0.27568367,1.2378688,-0.18476763,-0.7964411,-0.6363877,-1.0565796,0.9219921,0.9219921,0.92182136,1.1266326,-0.59373194,-0.80343866,-0.93587375,-0.9379197,-0.91758966,0.30686682,-0.5199265,-0.7624788,-0.77089006
66,0.04697102118356555,1.1953556804432902e-06,0.0561398504411473,119.52015748121316,3.8987837,0.29969043,1.77461,2.7553873,3.5157714,2.699153,3.4239275,4.861832,3.6593819,6.378683,-0.46317318,-0.63397264,-0.13639498,0.9089836,0.9089836,0.90886736,-0.25696942,-0.58845234,-0.80343866,-0.64103603,-0.63890624,-0.44432575,0.05389591,-0.51873726,0.022113452,0.027792282
67,0.04697102118356555,1.1953523726578721e-06,0.0561398504411473,119.52015748121316,4.538735,0.7624031,0.9452472,2.8785772,3.3407423,2.7328727,3.4843273,2.5546079,3.6593819,0.34884623,-0.44175756,-0.6275728,0.015816016,0.80188966,0.80188966,0.8019555,-0.25331303,-0.5873952,-0.5276261,-0.5319146,-0.5339892,-0.44432575,0.05389591,-0.51789325,0.042760678,0.0338798
68,-0.1131781361558858,1.5165421187952698e-06,0.113179652568172,100.00133100986133,0.77187675,9.101161,3.7634397,1.6493294,2.3902185,1.3616036,1.8347741,4.176831,2.04504,1.8429651,-0.91402316,-0.6452027,-1.0565796,1.1041121,1.1041121,1.1039978,0.32412145,-0.59395826,-0.80343866,-0.7889795,-0.79103583,-1.0528079,-0.9579878,-0.5201183,-0.783126,-0.7830651
69,-0.20194944096546547,3.480427396568177e-05,0.2019842454031402,100.0172292806484,-0.27936304,-0.18288113,3.8728662,1.4188454,1.4365007,1.1655298,1.1995294,-0.25132167,1.2378688,-0.13140625,-0.32386962,1.641261,-1.0565796,-1.5850322,-1.5850322,-1.5850316,1.181943,1.7339573,-0.80343866,-1.0166656,-1.0166074,-1.0528079,-0.9579878,-0.49146095,-0.783126,-0.7830651
70,-0.35277332160987107,4.5990135864067624e-26,0.35277332160987107,99.9999971653186,0.35299966,4.781847,3.4219372,-0.32700413,1.6817971,-0.3156403,0.5236707,1.7277328,1.2378688,0.0019972175,-0.6364358,-0.62612367,-0.3162807,0.75741845,0.75741845,0.7573543,0.23626192,-0.58468825,-0.80343866,-0.5203729,-0.5182517,-0.30910745,-0.19907501,-0.5194278,1.0338246,1.0383202
71,-0.3281136453151703,9.041926053517576e-06,0.32812268769039826,100.00275281905573,3.3569753,0.43671688,2.4252424,2.1155958,3.2129836,1.8861327,2.8095105,2.024376,2.852211,0.64233387,-0.527828,1.641261,-1.0565796,-1.5850322,-1.5850322,-1.5850316,1.0268979,-0.59355426,-0.80343866,-1.0166656,-1.0166074,-1.0528079,0.55983776,-0.5211925,-0.783126,-0.7818476
72,0.5704634404357742,0.6096937691464144,0.053566859048955584,9.390059785256376,-0.27936304,-0.18288113,-0.31407133,-0.32700413,-0.31762478,-0.3156403,-0.33911666,-0.10514966,0.43069777,0.18876207,-0.71689737,-0.6118748,-0.2332565,0.5368778,0.5368778,0.5368076,0.5392632,-0.58568376,-0.15987597,0.037825193,0.037808314,-0.579544,1.0657796,-0.521461,-0.67989016,-0.67714226
73,-0.2777060971540563,2.207134201068816e-06,0.2777083060320686,100.0007918003802,-0.27936304,-0.18288113,3.572399,4.0177507,1.3221568,3.3710494,2.44086,-0.06932318,2.852211,0.26880413,-0.7317863,1.641261,-1.0565796,-1.5850322,-1.5850322,-1.5850316,1.0834739,1.7339573,-0.80343866,-1.0166656,-1.0166074,-1.0528079,-1.4639297,1.5881348,-0.783126,-0.7830651
74,0.6695416499586666,0.636532630406174,0.04620543881958606,6.901055092290822,3.0934067,-0.18288113,3.15521,-0.32612103,3.3324378,-0.31439143,1.5608901,1.5629311,2.04504,0.34884623,-0.7317863,1.641261,-1.0565796,-1.5850322,-1.5850322,-1.5850316,1.181943,1.7339573,-0.80343866,-1.0166656,-1.0166074,-1.0528079,-0.9579878,1.9717674,-0.783126,-0.7830651
75,-0.1131781361558858,1.372100285277388e-06,0.11317950808534435,100.00120335020921,-0.27936304,-0.18288113,-0.31407133,4.065437,-0.32784545,3.4110138,1.8285259,-0.27568367,2.04504,-0.18476763,-0.527828,1.641261,-1.0565796,-1.5850322,-1.5850322,-1.5850316,0.62834924,1.7339573,-0.80343866,-1.0166656,-1.0166074,-1.0528079,-0.9579878,-0.51965797,-0.783126,-0.7830651
76,-0.4826069065168792,2.229584396106885e-05,0.4826291998227437,100.00461727859711,4.6874666,-0.18288113,0.11542831,1.5102444,3.4039826,1.2429602,2.7298443,3.404412,2.852211,2.723428,-0.8443714,-0.6384405,-0.5515159,0.974934,0.974934,0.9751134,0.84079826,-0.5917947,-0.5276261,-0.3598385,-0.36087617,-0.579544,0.55983776,-0.5218447,-0.32888836,-0.33867627
77,0.04908978866011489,4.578599604357413e-05,0.053978415607821705,109.95851904293667,3.6316738,1.932093,2.193167,3.9055996,4.0121136,4.593702,4.4918675,4.889061,3.6593819,5.5515814,0.91629916,-0.59690136,0.62465996,0.3895482,0.3895482,0.38955787,-1.0068953,-0.57889354,0.94337434,0.71353865,0.7145229,0.97546613,-0.70501685,-0.51935107,1.4261209,1.4254863
78,0.04908978866011489,4.5790762152476005e-05,0.053978411079037426,109.9585098174267,3.2471972,1.6322234,2.7740402,3.8574717,3.7329612,4.270242,4.1971555,4.109477,3.6593819,4.457673,1.0662085,-0.599558,0.3064006,0.40346432,0.40346432,0.4034958,-0.9135283,-0.57830316,0.85143685,0.33371213,0.33157587,1.1782936,-0.70501685,-0.5195429,1.3848264,1.3804387
79,9.221182654885684,9.445188615836349,1.4180177239810718,15.377829238551918,-0.27936304,-0.18288113,-0.31407133,-0.32700413,-0.32912305,-0.3156403,-0.3438029,-0.2885812,-0.37647325,-0.21144833,-0.43268138,-0.57528657,1.8285105,0.23011743,0.23011743,0.23001,-0.7834265,-0.5923445,0.3917492,1.0409029,1.0397656,-0.10628005,0.30686682,-0.5213843,0.022113452,0.03144479
80,9.221182654885684,9.445189270318723,1.4180173312916475,15.377824979993788,-0.27936304,-0.18288113,-0.31407133,-0.32700413,-0.32912305,-0.3156403,-0.3438029,-0.2885812,-0.37647325,-0.21144833,-0.4895858,-0.58506763,0.4586116,0.24161348,0.24161348,0.24165222,-0.8507069,-0.59330267,0.115936615,0.43339035,0.43124703,-0.17388919,0.30686682,-0.5213843,-0.16371101,-0.15605076
81,7.181924071966433,6.931371791690004,0.6540686756956811,9.10715106746986,-0.27936304,-0.18288113,-0.31407133,-0.32700413,-0.32912305,-0.3156403,-0.3438029,-0.2885812,-0.37647325,-0.21144833,-0.527828,1.641261,-1.0565796,-1.5850322,-1.5850322,-1.5850316,1.024722,1.7339573,-0.80343866,-1.0166656,-1.0166074,-1.0528079,-1.2109587,-0.51628196,-0.783126,-0.7830651
82,7.181924071966433,6.931374278723025,0.6540665252535951,9.107121125046893,-0.27936304,-0.18288113,-0.31407133,-0.32700413,-0.32912305,-0.3156403,-0.3438029,-0.2885812,-0.37647325,-0.21144833,-0.527828,1.641261,-1.0565796,-1.5850322,-1.5850322,-1.5850316,0.866891,1.7339573,-0.80343866,-1.0166656,-1.0166074,-1.0528079,-0.9579878,-0.51578325,-0.783126,-0.7830651
83,-0.2576475657668768,3.5942630347562954e-05,0.2576835102894727,100.01394716115179,-0.27936304,-0.18288113,-0.31407133,-0.32700413,-0.32912305,-0.3156403,-0.3438029,-0.2885812,-0.37647325,-0.21144833,-0.527828,1.641261,-1.0565796,-1.5850322,-1.5850322,-1.5850316,1.1617115,1.7339573,-0.80343866,-1.0166656,-1.0166074,-1.0528079,-0.9579878,-0.50304663,-0.783126,-0.7830651
84,-0.4446719288825989,3.4018071252605016e-33,0.4446719288825989,99.9999977511511,-0.27936304,-0.18288113,-0.31407133,-0.32700413,-0.32912305,-0.3156403,-0.3438029,-0.2885812,-0.37647325,-0.21144833,-0.527828,1.641261,-1.0565796,-1.5850322,-1.5850322,-1.5850316,1.181943,1.7339573,-0.80343866,-1.0166656,-1.0166074,-1.0528079,2.5836053,-0.5106426,-0.783126,-0.7830651
85,-0.142144441020255,6.138600884672252e-12,0.142144441020255,99.999992964903,-0.27936304,-0.18288113,-0.31407133,-0.32700413,-0.32912305,-0.3156403,-0.3438029,-0.2885812,-0.37647325,-0.21144833,-0.3235637,-0.5925543,0.5693105,0.32964826,0.32964826,0.32954296,0.06572857,-0.5890488,0.7594993,0.99683464,0.99779886,0.23176563,-1.2109587,-0.52115417,-0.2256525,-0.22301345
86,-0.21901371899773092,7.464974581072216e-05,0.21908836651082134,100.03407891981566,-0.27936304,-0.18288113,-0.31407133,-0.32700413,-0.32912305,-0.3156403,-0.3438029,-0.2885812,-0.37647325,-0.21144833,-0.54139125,-0.627935,0.35483137,0.8369826,0.8369826,0.8370462,0.029060366,-0.5469987,-0.15987597,0.62540203,0.6253435,-0.038670912,0.05389591,-0.5178549,-0.7624788,-0.7526275
87,-0.142144441020255,6.104455114991005e-12,0.142144441020255,99.999992964903,-0.27936304,-0.18288113,-0.31407133,-0.32700413,-0.32912305,-0.3156403,-0.3438029,-0.2885812,-0.37647325,-0.21144833,-0.5165083,-0.608373,0.112677544,0.50632274,0.50632274,0.50630826,0.46535027,-0.57870734,-0.2518135,-0.044015933,-0.04612523,-0.10628005,-1.2109587,-0.52115417,-0.4734185,-0.4811242
88,-0.05072774080669179,0.0006897502234114297,0.05141749101526597,101.35969010572255,-0.27936304,-0.18288113,-0.31407133,-0.32700413,-0.32912305,-0.3156403,-0.3438029,-0.2885812,-0.37647325,-0.21144833,3.9084702,-0.56888664,1.7385678,0.1647722,0.1647722,0.16491184,-1.6773286,-0.5753346,1.8627496,1.6316277,1.6325467,1.5839484,0.8128087,-0.5218447,0.24923228,0.24450791
89,-0.29558609659765284,1.3280350543152285e-05,0.2955993799602284,100.00449052316036,-0.27936304,-0.18288113,-0.31407133,-0.32700413,-0.32912305,-0.3156403,-0.3438029,-0.2885812,-0.37647325,-0.21144833,-0.4380863,-0.61018425,-0.06028953,0.5190289,0.5190289,0.5190983,-0.27594686,-0.5927783,-0.15987597,-0.23392911,-0.23497581,0.09654736,-0.70501685,-0.5210774,0.4763511,0.46609357
90,-0.20020862537271836,0.00011692725849000043,0.20032555215498982,100.05839747224378,-0.27936304,-0.18288113,-0.31407133,-0.32700413,-0.32912305,-0.3156403,-0.3438029,-0.2885812,-0.37647325,-0.21144833,-0.32386962,1.641261,-1.0565796,-1.5850322,-1.5850322,-1.5850316,1.1536629,1.7339573,-0.80343866,-1.0166656,-1.0166074,-1.0528079,-0.9579878,-0.51643544,-0.783126,-0.7830651
91,-0.29109174539061156,1.3496431210132513e-05,0.2911052394147013,100.00463222466458,-0.27936304,-0.18288113,-0.31407133,-0.32700413,-0.32912305,-0.3156403,-0.3438029,-0.2885812,-0.37647325,-0.21144833,-0.7317863,1.641261,-1.0565796,-1.5850322,-1.5850322,-1.5850316,1.181943,1.7339573,-0.80343866,-1.0166656,-1.0166074,-1.0528079,0.30686682,-0.51900584,-0.783126,-0.7830651
92,-0.36464354278994543,3.1129933802833646e-08,0.3646435743453456,100.00000591136194,-0.27936304,-0.18288113,-0.31407133,-0.32700413,-0.32912305,-0.3156403,-0.3438029,-0.2885812,-0.37647325,-0.21144833,2.234584,-0.55801886,2.9908488,0.1696125,0.1696125,0.16950312,-0.7988305,-0.56516576,2.6901872,0.9915885,0.99255294,2.8009129,-0.19907501,-0.5186989,-0.1843582,-0.19257586
93,-0.36464354278994543,2.4623346063648632e-08,0.36464356908611223,100.00000446906758,-0.27936304,-0.18288113,-0.31407133,-0.32700413,-0.32912305,-0.3156403,-0.3438029,-0.2885812,-0.37647325,-0.21144833,1.324114,-0.5989542,1.4341458,0.4694147,0.4694147,0.46957776,-0.7456291,-0.5728828,0.7594993,-0.04296667,-0.040879387,2.327649,0.30686682,-0.5197347,-0.34953552,-0.3484163
94,0.5197693939302482,0.5058876223423902,0.023713550731247545,4.562321397130533,-0.27936304,-0.18288113,-0.31407133,-0.32700413,-0.32912305,-0.3156403,-0.3438029,-0.2885812,-0.37647325,-0.21144833,-0.28552547,-0.6026976,0.27180722,0.44491026,0.44491026,0.44481748,0.15027337,-0.5916008,-0.15987597,0.44283354,0.4417387,-0.10628005,0.8128087,-0.5202718,2.1074772,2.0975482
95,-0.24382267892360687,7.0019867659236e-05,0.24389269948005676,100.02871371682387,-0.27936304,-0.18288113,-0.31407133,-0.32700413,-0.32912305,-0.3156403,-0.3438029,-0.2885812,-0.37647325,-0.21144833,-0.46378508,-0.6185162,-0.37163016,0.63096315,0.63096315,0.63092935,-0.8953583,-0.59158707,-0.7115011,-0.10487205,-0.10382957,-0.5119349,-0.19907501,-0.5212308,-0.1843582,-0.19014086
96,0.46262358333550246,0.48729224590694203,0.0247441828250885,5.348664266490101,-0.27936304,-0.18288113,-0.31407133,-0.32700413,-0.32912305,-0.3156403,-0.3438029,-0.2885812,-0.37647325,-0.21144833,-0.6757998,-0.61996526,0.1887831,0.68450993,0.68450993,0.68438524,0.06471511,-0.57422465,-0.15987597,-0.26225874,-0.26120508,0.23176563,-1.2109587,1.9717674,-0.122416705,-0.12804817
97,-0.21605854379195794,0.0001484730342852737,0.21620701720901564,100.06871443618041,-0.27936304,-0.18288113,-0.31407133,-0.32700413,-0.32912305,-0.3156403,-0.3438029,-0.2885812,-0.37647325,-0.21144833,0.77444607,-0.6051127,0.3064006,0.47486016,0.47486016,0.47482494,-0.9625239,-0.5876853,-0.06793844,0.25921577,0.258134,0.5022022,0.55983776,-0.51935107,-0.32888836,-0.32163122
98,-0.37124254364593356,1.0615167030542763e-15,0.37124254364593356,99.99999730634327,-0.27936304,-0.18288113,-0.31407133,-0.32700413,-0.32912305,-0.3156403,-0.3438029,-0.2885812,-0.37647325,-0.21144833,-0.527828,1.641261,-1.0565796,-1.5850322,-1.5850322,-1.5850316,1.0200863,1.7339573,-0.80343866,-1.0166656,-1.0166074,-1.0528079,0.30686682,-0.51724106,-0.783126,-0.7830651
99,0.5197693939302482,0.5039863767577153,0.024802368645574533,4.771802352741592,-0.27936304,-0.18288113,-0.31407133,-0.32700413,-0.32912305,-0.3156403,-0.3438029,-0.2885812,-0.37647325,-0.21144833,-0.6538742,-0.6346972,-0.16406976,0.9238072,0.9238072,0.9239531,0.5898449,-0.5912619,-0.80343866,-0.7784871,-0.78054416,-0.579544,0.30686682,-0.5202718,1.1783547,1.1746806
100,0.044500529766082764,0.010958951295298688,0.03354157843426162,75.37341931260394,-0.27936304,-0.18288113,-0.31407133,-0.32700413,-0.32912305,-0.3156403,-0.3438029,-0.2885812,-0.37647325,-0.21144833,-0.45409703,-0.6109088,0.8114644,0.58255905,0.58255905,0.58255666,-1.5769609,-0.5919137,0.20787413,0.53201926,0.5309182,1.2459027,-1.2109587,1.9717674,1.818417,1.8175225
101,-0.3619711545168185,1.865869111783218e-05,0.361989814861148,100.00515243924318,-0.27936304,-0.18288113,-0.31407133,-0.32700413,-0.32912305,-0.3156403,-0.3438029,-0.2885812,-0.37647325,-0.21144833,-0.7257696,-0.5961769,-0.6622148,0.32329524,0.32329524,0.3233119,0.7864733,-0.59048635,-0.5276261,-0.14998962,-0.15104224,-0.64715314,0.8128087,-0.5208472,-0.74183166,-0.744105
102,-0.24833767846518873,0.00043077799594303705,0.24876845701068057,100.17346080176317,-0.27936304,-0.18288113,-0.31407133,-0.32700413,-0.32912305,-0.3156403,-0.3438029,-0.2885812,-0.37647325,-0.21144833,0.27423826,-0.6197238,0.3271567,0.6917707,0.6917707,0.6917642,-0.65735734,-0.5832187,0.48368672,-0.070247024,-0.072354525,0.97546613,1.5717214,-0.52103907,0.22858514,0.22502786
103,-0.34405773878097534,1.4346926339688556e-05,0.34407209356625873,100.00416929580405,-0.27936304,-0.18288113,-0.31407133,-0.32700413,-0.32912305,-0.3156403,-0.3438029,-0.2885812,-0.37647325,-0.21144833,-0.34773275,-0.6080107,1.0121061,0.5789287,0.5789287,0.5789492,-1.2257382,-0.53218466,-0.2518135,0.20465508,0.2056755,0.29937476,-0.70501685,-0.51981145,-0.61794865,-0.6101796
104,-0.4248880305710961,1.16832983639695e-06,0.4248891987052618,100.00027257396187,-0.27936304,-0.18288113,-0.31407133,-0.32700413,-0.32912305,-0.3156403,-0.3438029,-0.2885812,-0.37647325,-0.21144833,-0.527828,1.641261,-1.0565796,-1.5850322,-1.5850322,-1.5850316,1.0519485,1.7339573,-0.80343866,-1.0166656,-1.0166074,-1.0528079,1.0657796,-0.5209239,-0.783126,-0.7830651
105,-0.3550169801010805,7.78041598381356e-06,0.3550247573385052,100.00218784949489,-0.27936304,-0.18288113,-0.31407133,-0.32700413,-0.32912305,-0.3156403,-0.3438029,-0.2885812,-0.37647325,-0.21144833,0.08404708,1.641261,-1.0565796,-1.5850322,-1.5850322,-1.5850316,1.181943,1.7339573,-0.80343866,-1.0166656,-1.0166074,-1.0528079,0.05389591,-0.4663714,-0.783126,-0.7830651
106,-0.23854985219590805,0.00014879848202005685,0.2386986513932546,100.06237236776283,-0.27936304,-0.18288113,-0.31407133,-0.32700413,-0.32912305,-0.3156403,-0.3438029,-0.2885812,-0.37647325,-0.21144833,-0.5078401,-0.610305,0.5001237,0.5565419,0.5565419,0.55648464,-2.1152835,-0.57352555,1.1272494,0.81951225,0.8194399,0.97546613,-0.9579878,-0.5213076,1.4880623,1.477839
107,-0.38325148820877075,2.2171000427631808e-06,0.38325370877396825,100.00057679231726,-0.27936304,-0.18288113,-0.31407133,-0.32700413,-0.32912305,-0.3156403,-0.3438029,-0.2885812,-0.37647325,-0.21144833,-0.2695147,-0.6354217,-0.55843455,0.9132189,0.9132189,0.9131307,0.63570786,-0.5633482,-0.80343866,-0.45322126,-0.45530146,0.1641565,0.55983776,-0.5196196,0.22858514,0.22137535
108,-0.21592522923852883,0.00024641873018231753,0.21617164681939519,100.11411708132654,-0.27936304,-0.18288113,-0.31407133,-0.32700413,-0.32912305,-0.3156403,-0.3438029,-0.2885812,-0.37647325,-0.21144833,-0.9148389,-0.64979136,-1.0565796,1.2093908,1.2093908,1.2094339,1.1548152,-0.5939686,-0.80343866,-1.0166656,-1.0166074,-1.0528079,0.30686682,-0.51900584,-0.783126,-0.77941257
109,-0.4067134442282658,1.7385723917654173e-29,0.4067134442282658,99.99999754126648,-0.27936304,-0.18288113,-0.31407133,-0.32700413,-0.32912305,-0.3156403,-0.3438029,-0.2885812,-0.37647325,-0.21144833,-0.527828,1.641261,-1.0565796,-1.5850322,-1.5850322,-1.5850316,1.181943,1.7339573,-0.80343866,-1.0166656,-1.0166074,-1.0528079,-0.70501685,-0.47669113,-0.783126,-0.7830651
110,-0.22054144477143006,7.432673659173352e-05,0.22061577117910572,100.03369725104638,-0.27936304,-0.18288113,-0.31407133,-0.32700413,-0.32912305,-0.3156403,-0.3438029,-0.2885812,-0.37647325,-0.21144833,-0.83978224,-0.61151254,0.38250616,0.5680378,0.5680378,0.5679629,0.9390005,-0.5879591,-0.5276261,-0.5287669,-0.5287434,-0.64715314,-0.45204595,-0.5213076,-0.4321242,-0.43364155
111,-0.22054144477143006,5.012019185004665e-05,0.22059156555755466,100.0227217083412,-0.27936304,-0.18288113,-0.31407133,-0.32700413,-0.32912305,-0.3156403,-0.3438029,-0.2885812,-0.37647325,-0.21144833,-0.527828,1.641261,-1.0565796,-1.5850322,-1.5850322,-1.5850316,1.181943,1.7339573,-0.80343866,-1.0166656,-1.0166074,-1.0528079,0.05389591,-0.5200416,-0.783126,-0.7830651
112,-0.4353988901072857,6.192550236115565e-06,0.43540508899034236,100.00142142827076,-0.27936304,-0.18288113,-0.31407133,-0.32700413,-0.32912305,-0.3156403,-0.3438029,-0.2885812,-0.37647325,-0.21144833,-0.8025599,-0.64242536,-1.0565796,1.043002,1.043002,1.0429991,0.58485574,-0.5931541,-0.80343866,-0.9694495,-0.9693947,-0.84998053,0.8128087,-0.51770145,-0.67989016,-0.67227226
113,-0.21605854379195794,2.243394128935795e-11,0.21605854379195794,99.99999537162503,-0.27936304,-0.18288113,-0.31407133,-0.32700413,-0.32912305,-0.3156403,-0.3438029,-0.2885812,-0.37647325,-0.21144833,-0.7555475,-0.6403726,-1.0565796,1.0024638,1.0024638,1.0026612,1.1313856,-0.5938059,-0.80343866,-0.924332,-0.922182,-0.84998053,0.05389591,-0.5191209,-0.74183166,-0.744105
114,-0.21605854379195794,2.243394128935795e-11,0.21605854379195794,99.99999537162503,-0.27936304,-0.18288113,-0.31407133,-0.32700413,-0.32912305,-0.3156403,-0.3438029,-0.2885812,-0.37647325,-0.21144833,-0.7246478,-0.64882535,-1.0565796,1.1867014,1.1867014,1.1868054,1.1525315,-0.5938668,-0.80343866,-0.91698736,-0.91693616,-0.84998053,0.30686682,-0.5204636,-0.7624788,-0.753845
115,0.0637151300907135,0.01481694666047891,0.048898182809352875,76.74499771912107,-0.27936304,-0.18288113,-0.31407133,-0.32700413,-0.32912305,-0.3156403,-0.3438029,-0.2885812,-0.37647325,-0.21144833,-0.24371399,-0.6220181,0.47244897,0.74108213,0.74108213,0.7411207,-0.42074406,-0.56253093,-0.2518135,-0.0125385355,-0.0146501865,0.09654736,1.0657796,-0.5189674,-0.4734185,-0.47747168
116,-0.39835402369499207,1.9596176476449107e-23,0.39835402369499207,99.9999974896702,-0.27936304,-0.18288113,-0.31407133,-0.32700413,-0.32912305,-0.3156403,-0.3438029,-0.2885812,-0.37647325,-0.21144833,-0.039041784,-0.58422226,1.7385678,0.32480776,0.32480776,0.32478768,-0.33003652,-0.5286767,0.66756177,0.36518937,0.363051,0.77263874,-0.19907501,-0.5212692,-0.287594,-0.29484615
117,-0.39835402369499207,1.9596248034640533e-23,0.39835402369499207,99.9999974896702,-0.27936304,-0.18288113,-0.31407133,-0.32700413,-0.32912305,-0.3156403,-0.3438029,-0.2885812,-0.37647325,-0.21144833,0.024797205,-0.58422226,2.1121764,0.3662537,0.3662537,0.3662734,-0.48257807,-0.5808456,0.66756177,0.53516704,0.53616405,0.907857,-0.19907501,-0.5213076,-0.20500538,-0.2108384
118,-0.21592522923852883,0.00019679945384553981,0.21612202770569744,100.09113731579625,-0.27936304,-0.18288113,-0.31407133,-0.32700413,-0.32912305,-0.3156403,-0.3438029,-0.2885812,-0.37647325,-0.21144833,-0.81031024,-0.6500328,-1.0565796,1.2163489,1.2163489,1.2163209,1.1518751,-0.5937863,-0.80343866,-1.0030254,-1.0008699,-0.84998053,0.05389591,-0.5209623,-0.6385958,-0.6320946
119,-0.34520554542541504,8.74171994649395e-30,0.34520554542541504,99.99999710317525,-0.27936304,-0.18288113,-0.31407133,-0.32700413,-0.32912305,-0.3156403,-0.3438029,-0.2885812,-0.37647325,-0.21144833,0.47860453,-0.6127201,0.19570169,0.57166815,0.57166815,0.57157034,0.30335703,-0.5783426,0.29981166,-0.058705293,-0.05661691,0.6374205,0.55983776,-0.5209239,0.18729079,0.19702527
120,-0.2359224026109658,0.0001928884689821679,0.23611529142248863,100.0817551878129,-0.27936304,-0.18288113,-0.31407133,-0.32700413,-0.32912305,-0.3156403,-0.3438029,-0.2885812,-0.37647325,-0.21144833,0.20244491,-0.60535413,0.8529764,0.5120708,0.5120708,0.51204735,-0.8537338,-0.5789445,1.403062,0.62120515,0.6200976,1.5839484,0.30686682,-0.5198498,1.0338246,1.0371027
121,-0.24727106123578316,8.019028930849505e-05,0.24735125198083766,100.03242625376829,-0.27936304,-0.18288113,-0.31407133,-0.32700413,-0.32912305,-0.3156403,-0.3438029,-0.2885812,-0.37647325,-0.21144833,0.44015834,-0.5966599,1.1919918,0.4370446,0.4370446,0.43694675,-0.7782862,-0.5855725,1.770812,0.6159588,0.6148517,1.9896032,0.8128087,-0.5203101,2.1074772,2.1121583
122,-0.08118857969256009,4.074373121993096e-05,0.08122932224297057,100.0501702894024,-0.27936304,-0.18288113,-0.31407133,-0.32700413,-0.32912305,-0.3156403,-0.3438029,-0.2885812,-0.37647325,-0.21144833,-0.5421051,-0.6281765,-0.18482573,0.799167,0.799167,0.799168,-0.10902445,-0.5924708,-0.06793844,0.050416104,0.04830009,-0.038670912,1.5717214,-0.521346,0.4144096,0.40643588
123,-0.30480913963972356,3.01686600412758e-05,0.3048393089397281,100.00989448644839,-0.27936304,-0.18288113,-0.31407133,-0.32700413,-0.32912305,-0.3156403,-0.3438029,-0.2885812,-0.37647325,-0.21144833,0.3727501,-0.6016108,1.1919918,0.48756614,0.48756614,0.48761508,0.31023416,-0.56661695,-0.43568856,-0.33360738,-0.33464694,-0.10628005,0.8128087,-0.5202718,0.18729079,0.18485025
124,-0.2705000884392682,3.989759800021477e-05,0.2705399858600953,100.0147458063998,-0.27936304,-0.18288113,-0.31407133,-0.32700413,-0.32912305,-0.3156403,-0.3438029,-0.2885812,-0.37647325,-0.21144833,-0.41055194,-0.63868207,-0.45465434,0.9818921,0.9818921,0.9820003,0.3528439,-0.59159344,-0.43568856,-0.54870254,-0.5497268,0.43459305,0.55983776,-0.51800835,0.31117377,0.3114706
125,-0.2705000884392682,6.669164209668844e-05,0.27056677931664036,100.02465096233122,-0.27936304,-0.18288113,-0.31407133,-0.32700413,-0.32912305,-0.3156403,-0.3438029,-0.2885812,-0.37647325,-0.21144833,0.28453818,-0.6200861,0.3133193,0.69963616,0.69963616,0.699635,-0.16559446,-0.54803044,0.94337434,-0.12166001,-0.11956709,2.0572124,1.0657796,-0.5206554,-0.49406567,-0.50303924
126,0.9011713260529088,0.9928485809587965,0.2524803783379349,28.016911794352882,-0.27936304,-0.18288113,-0.31407133,-0.32700413,-0.32912305,-0.3156403,-0.3438029,-0.2885812,-0.37647325,-0.21144833,-0.8723136,-0.6485838,-1.0565796,1.1803484,1.1803484,1.1805743,1.118851,-0.5938846,-0.80343866,-0.97994196,-0.97988635,-0.91758966,-0.45204595,-0.5181618,-0.7624788,-0.7599325
127,0.9011713260529088,0.9928754918715533,0.2524684761084762,28.015591043349996,-0.27936304,-0.18288113,-0.31407133,-0.32700413,-0.32912305,-0.3156403,-0.3438029,-0.2885812,-0.37647325,-0.21144833,-0.78196007,-0.64375365,-0.5307598,1.0862632,1.0862632,1.0861245,1.0463248,-0.59338725,-0.80343866,-0.8907562,-0.89070696,-0.64715314,-0.45204595,-0.51674235,-0.74183166,-0.7355824
128,-0.30362238428171945,8.047006548028472e-18,0.30362238428171945,99.9999967064353,-0.27936304,-0.18288113,-0.31407133,-0.32700413,-0.32912305,-0.3156403,-0.3438029,-0.2885812,-0.37647325,-0.21144833,1.0066527,-0.60958046,0.5969852,0.5625923,0.5625923,0.5625517,-0.34517235,-0.5903079,0.20787413,0.41870096,0.42075533,0.23176563,2.5836053,-0.5185838,-0.14306384,-0.14752823
129,-0.30362238428171945,2.0242246608888612e-23,0.30362238428171945,99.9999967064353,-0.27936304,-0.18288113,-0.31407133,-0.32700413,-0.32912305,-0.3156403,-0.3438029,-0.2885812,-0.37647325,-0.21144833,4.9922023,-0.5836186,0.5900666,0.23072258,0.23072258,0.23082986,-1.8563435,-0.55985606,1.8627496,1.4448619,1.443696,1.6515576,2.5836053,-0.5208089,3.077894,3.071551
130,-0.08118857969256009,4.0737376455617066e-05,0.08122931815245572,100.05016525111456,-0.27936304,-0.18288113,-0.31407133,-0.32700413,-0.32912305,-0.3156403,-0.3438029,-0.2885812,-0.37647325,-0.21144833,-0.40545297,-0.63107455,0.25105116,0.88599163,0.88599163,0.8859108,-0.117228,-0.57768476,0.115936615,0.6610763,0.6620645,0.36698392,1.5717214,-0.5213843,0.39376247,0.38452083
131,0.07937126080779468,0.026929368429324207,0.052441892378470474,66.07163000509803,-0.27936304,-0.18288113,-0.31407133,-0.32700413,-0.32912305,-0.3156403,-0.3438029,-0.2885812,-0.37647325,-0.21144833,1.6570759,-0.61392766,0.2925632,0.5958702,0.5958702,0.5956747,-1.6423864,-0.59314656,0.66756177,0.15953751,0.15846284,1.0430753,2.0776634,-0.5208472,3.077894,3.081291
132,0.07925509661436081,0.01782152608183085,0.06143357034991769,77.51370602381613,-0.27936304,-0.18288113,-0.31407133,-0.32700413,-0.32912305,-0.3156403,-0.3438029,-0.2885812,-0.37647325,-0.21144833,1.3900945,-0.6037843,0.36866876,0.45701128,0.45701128,0.4571157,-1.7425814,-0.58414555,1.0353119,0.93492925,0.93484855,0.7050296,1.3187505,-0.52019507,3.0159526,3.0228508
133,-0.30362238428171945,1.2269288703206704e-10,0.30362238428171945,99.9999967064353,-0.27936304,-0.18288113,-0.31407133,-0.32700413,-0.32912305,-0.3156403,-0.3438029,-0.2885812,-0.37647325,-0.21144833,0.73406243,-0.6168257,0.7146029,0.6823923,0.6823923,0.68241763,-0.32312343,-0.5429748,-0.43568856,-0.21399352,-0.21399242,0.09654736,2.3306344,-0.5183536,-0.7005373,-0.69905734
134,-0.30362238428171945,8.04700421651449e-18,0.30362238428171945,99.9999967064353,-0.27936304,-0.18288113,-0.31407133,-0.32700413,-0.32912305,-0.3156403,-0.3438029,-0.2885812,-0.37647325,-0.21144833,0.7509908,-0.5954523,0.3133193,0.35052252,0.35052252,0.35036778,-0.44739375,-0.5889056,0.20787413,0.8730237,0.8718983,-0.038670912,2.5836053,-0.51839197,-0.14306384,-0.1390057
135,0.07925509661436081,0.04868502805338187,0.030570068560978946,38.57173356630087,-0.27936304,-0.18288113,-0.31407133,-0.32700413,-0.32912305,-0.3156403,-0.3438029,-0.2885812,-0.37647325,-0.21144833,1.2612947,-0.6070447,1.1643171,0.56834036,0.56834036,0.5682909,-0.6495442,-0.5822701,0.48368672,0.7177355,0.7197688,0.6374205,0.8128087,-0.51919764,0.76541144,0.76072943
136,0.07925509661436081,0.04868416692696366,0.030570929687397153,38.57282009113819,-0.27936304,-0.18288113,-0.31407133,-0.32700413,-0.32912305,-0.3156403,-0.3438029,-0.2885812,-0.37647325,-0.21144833,1.0520334,-0.5954523,1.4341458,0.43583447,0.43583447,0.4357989,-0.9487726,-0.5798151,0.48368672,1.410237,1.412221,0.36698392,0.8128087,-0.5195812,0.70346993,0.6974192
137,-0.37910571343758526,3.247962378701035e-06,0.3791089595532885,100.00085361826613,-0.27936304,-0.18288113,-0.31407133,-0.32700413,-0.32912305,-0.3156403,-0.3438029,-0.2885812,-0.37647325,-0.21144833,-0.42462507,-0.6297463,0.057328086,0.84121794,0.84121794,0.84130955,-0.2523887,-0.55930454,-0.15987597,0.26026496,0.258134,0.29937476,-0.19907501,-0.52008,-0.081122346,-0.08543555
138,-0.10174088486853768,1.1687694723150344e-06,0.10174205212616454,100.00113745571863,-0.27936304,-0.18288113,-0.31407133,-0.32700413,-0.32912305,-0.3156403,-0.3438029,-0.2885812,-0.37647325,-0.21144833,-0.7698245,-0.63348967,-0.4269796,0.8823613,0.8823613,0.8824673,0.66474086,-0.5667252,-0.43568856,-0.18776236,-0.18776321,-0.64715314,-1.2109587,-0.5218447,-0.287594,-0.28875864
139,-0.37910571343758526,8.50476023925676e-06,0.37911421820229174,100.00224073765742,-0.27936304,-0.18288113,-0.31407133,-0.32700413,-0.32912305,-0.3156403,-0.3438029,-0.2885812,-0.37647325,-0.21144833,-0.46286726,-0.61827475,0.20262039,0.65546757,0.65546757,0.6553617,-0.22229503,-0.59006786,-0.5276261,-0.4710584,-0.47103903,0.09654736,1.0657796,-0.5203869,0.08405494,0.09353747
140,-0.37910571343758526,3.528735001456131e-07,0.3791060663905798,100.00009046368159,-0.27936304,-0.18288113,-0.31407133,-0.32700413,-0.32912305,-0.3156403,-0.3438029,-0.2885812,-0.37647325,-0.21144833,-0.39382735,-0.6049919,1.2680973,0.5550292,0.5550292,0.55484486,-1.5497156,-0.57337093,-0.43568856,-0.39446354,-0.39235127,0.1641565,-0.70501685,-0.51927435,-0.34953552,-0.35937384
141,0.22381364656429664,0.19653790458744647,0.03185895231424594,14.234588185235953,-0.27936304,-0.18288113,-0.31407133,-0.32700413,-0.32912305,-0.3156403,-0.3438029,-0.2885812,-0.37647325,-0.21144833,-0.4763285,-0.6227426,0.24413244,0.7298886,0.7298886,0.7299704,0.3015937,-0.5879711,-0.2518135,-0.26225874,-0.26120508,-0.30910745,-0.45204595,1.9717674,-0.24629968,-0.23762348
142,5.674854278564453,5.390667298260857,0.28418698030359607,5.007828674584098,-0.27936304,-0.18288113,-0.31407133,-0.32700413,-0.32912305,-0.3156403,-0.3438029,-0.2885812,-0.37647325,-0.21144833,-0.527828,1.641261,-1.0565796,-1.5850322,-1.5850322,-1.5850316,1.181943,1.7339573,-0.80343866,-1.0166656,-1.0166074,-1.0528079,-1.2109587,1.9717674,-0.783126,-0.7830651
143,5.674854278564453,5.390667195413627,0.28418708315082625,5.0078304869166255,-0.27936304,-0.18288113,-0.31407133,-0.32700413,-0.32912305,-0.3156403,-0.3438029,-0.2885812,-0.37647325,-0.21144833,-0.527828,1.641261,-1.0565796,-1.5850322,-1.5850322,-1.5850316,1.181943,1.7339573,-0.80343866,-1.0166656,-1.0166074,-1.0528079,-1.2109587,1.9717674,-0.783126,-0.7830651
144,-0.3795744981251511,3.416811863276208e-20,0.3795744981251511,99.99999736547113,-0.27936304,-0.18288113,-0.31407133,-0.32700413,-0.32912305,-0.3156403,-0.3438029,-0.2885812,-0.37647325,-0.21144833,3.0712214,-0.5801167,0.5693105,0.19109172,0.19109172,0.19131184,-1.6267452,-0.5809876,2.9659998,1.4815856,1.4804169,2.1924307,0.30686682,-0.52000326,0.20793802,0.21772283
145,-0.4284376396852381,5.1559861543971824e-05,0.42848920062476514,100.01203230845022,-0.27936304,-0.18288113,-0.31407133,-0.32700413,-0.32912305,-0.3156403,-0.3438029,-0.2885812,-0.37647325,-0.21144833,1.3218703,-0.5882072,1.7524049,0.35808563,0.35808563,0.35807464,-0.99507326,-0.5648208,1.403062,0.81426615,0.81419396,1.3135118,0.55983776,-0.51938945,0.5176455,0.51235867
146,-0.4284376396852381,1.119110340689932e-05,0.428448827827678,100.00260904765213,-0.27936304,-0.18288113,-0.31407133,-0.32700413,-0.32912305,-0.3156403,-0.3438029,-0.2885812,-0.37647325,-0.21144833,0.9260892,-0.61175406,0.3271567,0.5638025,0.5638025,0.5636995,-1.2422979,-0.5786762,0.20787413,-0.061853077,-0.061862748,1.1782936,0.8128087,-0.5195812,0.8273529,0.8313446
147,-0.40818480884327607,1.3833095894655094e-05,0.40819864588625293,100.00338744665127,-0.27936304,-0.18288113,-0.31407133,-0.32700413,-0.32912305,-0.3156403,-0.3438029,-0.2885812,-0.37647325,-0.21144833,1.768947,-0.6136861,0.46553028,0.6094837,0.6094837,0.6096126,-0.91510993,-0.5742905,1.403062,0.21934444,0.22141312,1.5839484,-0.45204595,-0.52054036,2.561715,2.5601995
148,-0.34716073379797097,5.655343178136546e-23,0.34716073379797097,99.99999711948998,-0.27936304,-0.18288113,-0.31407133,-0.32700413,-0.32912305,-0.3156403,-0.3438029,-0.2885812,-0.37647325,-0.21144833,-0.09268285,-0.5741998,0.666172,0.14389794,0.14389794,0.143923,-1.4904332,-0.58438736,1.2191869,1.5539834,1.5538588,0.56981134,0.05389591,-0.52019507,0.2698795,0.2773805
149,-0.0475200500850584,1.230625156114452e-07,0.04752017276398107,100.0002371186452,-0.27936304,-0.18288113,-0.31407133,-0.32700413,-0.32912305,-0.3156403,-0.3438029,-0.2885812,-0.37647325,-0.21144833,-0.35436141,-0.6303501,0.14035222,0.86239475,0.86239475,0.86229837,0.14633512,-0.54073423,-0.80343866,-0.8099644,-0.8120192,-0.30910745,-0.70501685,-0.5210774,-0.7624788,-0.76115
150,-0.4107429116379981,1.1314825647259973e-24,0.4107429116379981,99.99999756538715,-0.27936304,-0.18288113,-0.31407133,-0.32700413,-0.32912305,-0.3156403,-0.3438029,-0.2885812,-0.37647325,-0.21144833,0.21774179,-0.6220181,0.78378963,0.7664943,0.7664943,0.76637286,-1.8128119,-0.55995965,-0.2518135,-0.17517145,-0.17727143,0.907857,0.8128087,-0.52054036,-0.74183166,-0.7477575
151,0.5050351923587275,0.5092589649207452,0.3162796573311675,62.625269655265214,-0.27936304,-0.18288113,-0.31407133,-0.32700413,-0.32912305,-0.3156403,-0.3438029,-0.2885812,-0.37647325,-0.21144833,0.8811164,-0.60571635,0.8875698,0.5238692,0.5238692,0.52368957,-0.49958,-0.5869984,1.2191869,0.59602314,0.5938684,1.0430753,0.05389591,-0.5218447,0.66217566,0.6596766
152,-0.14603634821433648,0.0005947816877297181,0.1466311289399278,100.4072757858823,-0.27936304,-0.18288113,-0.31407133,-0.32700413,-0.32912305,-0.3156403,-0.3438029,-0.2885812,-0.37647325,-0.21144833,-0.74657327,-0.63385195,-1.0565796,0.873588,0.873588,0.87344867,1.0120806,-0.5939672,-0.80343866,-0.86347586,-0.8644777,-0.84998053,-0.70501685,1.9717674,-0.4734185,-0.4762542
153,-0.328539185664233,5.0873027510272e-22,0.328539185664233,99.99999695622314,-0.27936304,-0.18288113,-0.31407133,-0.32700413,-0.32912305,-0.3156403,-0.3438029,-0.2885812,-0.37647325,-0.21144833,-0.4853027,-0.63348967,-0.2401752,0.89173967,0.89173967,0.89165,0.37852845,-0.5524044,-0.80343866,-0.6106079,-0.612677,0.1641565,-0.70501685,-0.5200416,-0.2256525,-0.21936093
154,-0.328539185664233,5.0945541089594565e-22,0.328539185664233,99.99999695622314,-0.27936304,-0.18288113,-0.31407133,-0.32700413,-0.32912305,-0.3156403,-0.3438029,-0.2885812,-0.37647325,-0.21144833,-0.48999372,-0.63493866,-0.3993049,0.91261375,0.91261375,0.9126388,0.5087042,-0.578442,-0.43568856,-0.5329638,-0.5339892,0.1641565,-0.70501685,-0.5201183,-0.32888836,-0.32893625
155,1.1513369901507509,1.0286545110683816,0.12417997215308395,10.785718876126138,-0.27936304,-0.18288113,-0.31407133,-0.32700413,-0.32912305,-0.3156403,-0.3438029,-0.2885812,-0.37647325,-0.21144833,-0.7317863,1.641261,-1.0565796,-1.5850322,-1.5850322,-1.5850316,1.181943,1.7339573,-0.80343866,-1.0166656,-1.0166074,-1.0528079,-1.4639297,1.5881348,-0.783126,-0.7830651
156,-0.20058995280780045,0.00014010766622674304,0.20073006024547652,100.06984269587322,-0.27936304,-0.18288113,-0.31407133,-0.32700413,-0.32912305,-0.3156403,-0.3438029,-0.2885812,-0.37647325,-0.21144833,-0.527828,1.641261,-1.0565796,-1.5850322,-1.5850322,-1.5850316,1.181943,1.7339573,-0.80343866,-1.0166656,-1.0166074,-1.0528079,-1.2109587,1.9717674,-0.783126,-0.7830651
157,-0.27193288358987544,1.9041841119806302e-05,0.27195192493644416,100.00699854523573,-0.27936304,-0.18288113,-0.31407133,-0.32700413,-0.32912305,-0.3156403,-0.3438029,-0.2885812,-0.37647325,-0.21144833,-0.7738018,-0.63687074,0.015816016,0.98007685,0.98007685,0.98019654,0.6971698,-0.58553547,-0.43568856,1.9505978,1.9525435,-0.64715314,3.089547,-0.5203101,-0.61794865,-0.6162671
158,-0.39230706119069864,1.4473708947037926e-05,0.3923215340165531,100.00368660850557,-0.27936304,-0.18288113,-0.31407133,-0.32700413,-0.32912305,-0.3156403,-0.3438029,-0.2885812,-0.37647325,-0.21144833,1.6797153,-0.59158826,1.641706,0.40285918,0.40285918,0.40283987,-1.5985447,-0.57375187,1.9546871,1.6337261,1.6325467,1.1782936,0.30686682,-0.5214227,4.791609,4.7979712
159,-0.05072774080669179,3.7014405266312584e-10,0.05072774080669179,99.99998028692414,-0.27936304,-0.18288113,-0.31407133,-0.32700413,-0.32912305,-0.3156403,-0.3438029,-0.2885812,-0.37647325,-0.21144833,5.196161,-0.5651433,2.4650292,0.18897405,0.18897405,0.1890162,-1.1421764,-0.579957,3.8853753,1.320002,1.3177956,2.8009129,0.55983776,-0.5218447,3.0365996,3.0325909
160,-0.3357238728626102,3.934654950340569e-21,0.3357238728626102,99.99999702136175,-0.27936304,-0.18288113,-0.31407133,-0.32700413,-0.32912305,-0.3156403,-0.3438029,-0.2885812,-0.37647325,-0.21144833,-0.006102474,-0.6018523,1.9599653,0.58891207,0.58891207,0.5887878,-0.20060892,-0.57839066,0.023999084,0.45437527,0.45223048,-0.038670912,-0.45204595,-0.51965797,-0.39082983,-0.38128892
161,-0.34072183686144214,8.115765048690907e-21,0.34072183686144214,99.99999706505464,-0.27936304,-0.18288113,-0.31407133,-0.32700413,-0.32912305,-0.3156403,-0.3438029,-0.2885812,-0.37647325,-0.21144833,0.583949,-0.6286595,-0.12947628,0.81066287,0.81066287,0.8108102,-0.85305625,-0.5540364,-0.6195636,-0.44377804,-0.44480976,0.97546613,0.55983776,-0.5199649,0.74476427,0.74246687
162,-0.45394499220100104,7.056779199332346e-06,0.4539520512608921,100.00155284447607,-0.27936304,-0.18288113,-0.31407133,-0.32700413,-0.32912305,-0.3156403,-0.3438029,-0.2885812,-0.37647325,-0.21144833,1.9487364,-0.5808412,0.6177413,0.2041003,0.2041003,0.20393792,-2.0281343,-0.57495004,2.6901872,0.73767126,0.73550624,2.8685222,1.3187505,-0.5213843,1.3022376,1.3073885
163,-0.35824143185335044,4.0068859437037735e-05,0.3582815025366989,100.0111825932648,-0.27936304,-0.18288113,-0.31407133,-0.32700413,-0.32912305,-0.3156403,-0.3438029,-0.2885812,-0.37647325,-0.21144833,0.052331552,-0.4952271,2.6379962,-0.35073042,-0.35073042,-0.3507902,-0.90077406,-0.59206396,3.0579374,3.1897557,3.1905637,1.7191666,-0.70501685,-0.5218447,-0.26694685,-0.2729311
164,-0.34072183686144214,8.115923469408422e-21,0.34072183686144214,99.99999706505464,-0.27936304,-0.18288113,-0.31407133,-0.32700413,-0.32912305,-0.3156403,-0.3438029,-0.2885812,-0.37647325,-0.21144833,0.2649581,-0.63167834,-0.14331366,0.86451244,0.86451244,0.864594,-0.5677135,-0.5541329,-0.15987597,-0.49309257,-0.49202242,0.56981134,0.55983776,-0.5208856,0.43505684,0.42469844
165,-0.34716073379797097,5.655343178136546e-23,0.34716073379797097,99.99999711948998,-0.27936304,-0.18288113,-0.31407133,-0.32700413,-0.32912305,-0.3156403,-0.3438029,-0.2885812,-0.37647325,-0.21144833,-0.109611355,-0.57818466,0.4378556,0.17052004,0.17052004,0.17065094,-1.4790047,-0.58483934,1.2191869,1.1888463,1.1866493,0.56981134,-0.19907501,-0.5203869,0.2698795,0.2773805
166,-0.37733010041947457,4.4529095916435355e-30,0.37733010041947457,99.99999734980068,-0.27936304,-0.18288113,-0.31407133,-0.32700413,-0.32912305,-0.3156403,-0.3438029,-0.2885812,-0.37647325,-0.21144833,-0.1515248,-0.591709,0.9152446,0.34053916,0.34053916,0.34052932,-0.09793714,-0.5787824,-0.06793844,0.61805737,0.6200976,0.028938225,-0.9579878,-0.5201567,-0.49406567,-0.5042568
167,-0.37733010041947457,4.4527760541023476e-30,0.37733010041947457,99.99999734980068,-0.27936304,-0.18288113,-0.31407133,-0.32700413,-0.32912305,-0.3156403,-0.3438029,-0.2885812,-0.37647325,-0.21144833,-0.35701287,-0.59810895,0.79762703,0.40921235,0.40921235,0.40923488,-0.10609592,-0.5836603,-0.43568856,0.114420004,0.116496116,-0.24149832,-0.9579878,-0.520502,-0.49406567,-0.49938676
168,0.19014882099102526,0.16750977495137384,0.09692900861595191,50.9753376398758,-0.27936304,-0.18288113,-0.31407133,-0.32700413,-0.32912305,-0.3156403,-0.3438029,-0.2885812,-0.37647325,-0.21144833,-0.6039044,-0.6227426,-0.21250047,0.70296395,0.70296395,0.7029145,-1.1362733,-0.5829736,0.20787413,0.6390423,0.6410809,-0.24149832,-0.45204595,-0.5218447,0.06340781,0.06188238
169,-0.40946580732569976,3.6926020852586888e-28,0.40946580732569976,99.99999755779369,-0.27936304,-0.18288113,-0.31407133,-0.32700413,-0.32912305,-0.3156403,-0.3438029,-0.2885812,-0.37647325,-0.21144833,-0.74055654,-0.62938404,-0.33703673,0.81278056,0.81278056,0.8127778,-0.07416194,-0.5713392,-0.43568856,0.11966624,0.12174196,-0.579544,-0.70501685,-0.51885235,-0.4734185,-0.47381917
170,-0.40946580732569976,3.6923829375610584e-28,0.40946580732569976,99.99999755779369,-0.27936304,-0.18288113,-0.31407133,-0.32700413,-0.32912305,-0.3156403,-0.3438029,-0.2885812,-0.37647325,-0.21144833,-0.7299507,-0.62153506,0.1887831,0.7123424,0.7123424,0.7122611,-0.13106388,-0.57118446,-0.43568856,0.5498564,0.5519015,-0.579544,-0.45204595,-0.51892906,-0.4734185,-0.46529666
171,-0.47084157022775386,8.96982919184991e-27,0.47084157022775386,99.9999978761434,-0.27936304,-0.18288113,-0.31407133,-0.32700413,-0.32912305,-0.3156403,-0.3438029,-0.2885812,-0.37647325,-0.21144833,-0.033534896,-0.5956939,1.5725193,0.4473305,0.4473305,0.44727713,-0.98326015,-0.58894616,0.48368672,0.41345465,0.4155095,0.907857,-1.2109587,-0.5218447,0.6002341,0.609759
172,-0.47084157022775386,8.965235903217336e-27,0.47084157022775386,99.9999978761434,-0.27936304,-0.18288113,-0.31407133,-0.32700413,-0.32912305,-0.3156403,-0.3438029,-0.2885812,-0.37647325,-0.21144833,-0.05678614,-0.6002825,1.2058291,0.47516274,0.47516274,0.47531685,-0.82859004,-0.5844225,0.20787413,-0.061853077,-0.061862748,0.907857,-1.2109587,-0.5218447,0.8273529,0.8228221
173,-0.4832965240759008,5.372790842467985e-07,0.48329706227078156,100.00010929002042,-0.27936304,-0.18288113,-0.31407133,-0.32700413,-0.32912305,-0.3156403,-0.3438029,-0.2885812,-0.37647325,-0.21144833,-0.7317863,1.641261,-1.0565796,-1.5850322,-1.5850322,-1.5850316,0.88192475,1.7339573,-0.80343866,-1.0166656,-1.0166074,-1.0528079,-0.9579878,-0.506461,-0.783126,-0.7830651
174,-0.35072141126090406,1.162835293710919e-22,0.35072141126090406,99.99999714873418,-0.27936304,-0.18288113,-0.31407133,-0.32700413,-0.32912305,-0.3156403,-0.3438029,-0.2885812,-0.37647325,-0.21144833,0.58864,-0.6097012,0.55547315,0.5586596,0.5586596,0.5587803,-1.0328735,-0.590384,1.6788745,0.35050002,0.35255933,2.5980856,-0.45204595,-0.51904416,0.6208813,0.62315154
175,-0.35072141126090406,1.1628704274101368e-22,0.35072141126090406,99.99999714873418,-0.27936304,-0.18288113,-0.31407133,-0.32700413,-0.32912305,-0.3156403,-0.3438029,-0.2885812,-0.37647325,-0.21144833,0.64931756,-0.6031806,0.4516929,0.4612466,0.4612466,0.461379,-0.99046427,-0.58802104,2.4143746,0.508936,0.50993484,2.5980856,-0.19907501,-0.52019507,0.5382926,0.52818626
176,-0.2356263159536848,3.386181061003654e-20,0.2356263159536848,99.99999575599206,-0.27936304,-0.18288113,-0.31407133,-0.32700413,-0.32912305,-0.3156403,-0.3438029,-0.2885812,-0.37647325,-0.21144833,-0.74667525,-0.61392766,0.63849735,0.6170469,0.6170469,0.6168275,0.5443878,-0.5910662,-0.6195636,-0.1573343,-0.15628807,-0.64715314,-0.70501685,-0.5208089,-0.20500538,-0.20840341
177,-0.2356263159536848,3.386181712386212e-20,0.2356263159536848,99.99999575599206,-0.27936304,-0.18288113,-0.31407133,-0.32700413,-0.32912305,-0.3156403,-0.3438029,-0.2885812,-0.37647325,-0.21144833,-0.73657936,-0.60535413,0.81838304,0.5036001,0.5036001,0.5036846,0.42157114,-0.5910662,-0.6195636,0.01264329,0.011579112,-0.64715314,-0.70501685,-0.5208089,-0.20500538,-0.2047509
178,-0.20965303860458673,2.9044255514532047e-08,0.20965306606947207,100.0000083303751,-0.27936304,-0.18288113,-0.31407133,-0.32700413,-0.32912305,-0.3156403,-0.3438029,-0.2885812,-0.37647325,-0.21144833,-0.8437594,-0.63759524,-1.0565796,0.9458916,0.9458916,0.9459257,-0.20762216,-0.59392077,-0.80343866,-0.74176353,-0.7438232,-0.84998053,1.3187505,-0.520502,-0.5147128,-0.52373683
179,-0.22030045471939386,3.7645011585961556e-14,0.22030045471939386,99.99999546074494,-0.27936304,-0.18288113,-0.31407133,-0.32700413,-0.32912305,-0.3156403,-0.3438029,-0.2885812,-0.37647325,-0.21144833,-0.57698196,-0.6321614,-0.1018016,0.8757057,0.8757057,0.8757444,0.003205771,-0.5816653,-0.43568856,-0.24861856,-0.25071335,-0.10628005,0.05389591,-0.5213843,0.43505684,0.43322095
180,-0.22030045471939386,3.7631244066065406e-14,0.22030045471939386,99.99999546074494,-0.27936304,-0.18288113,-0.31407133,-0.32700413,-0.32912305,-0.3156403,-0.3438029,-0.2885812,-0.37647325,-0.21144833,-0.4478763,-0.6217766,0.28564462,0.7205104,0.7205104,0.72062385,-0.2266724,-0.5865547,-0.06793844,0.44178426,0.4417387,0.1641565,0.05389591,-0.5213843,0.9305887,0.9323974
181,-0.23805638884796815,3.9632421842904355e-12,0.23805638884796815,99.99999579931476,-0.27936304,-0.18288113,-0.31407133,-0.32700413,-0.32912305,-0.3156403,-0.3438029,-0.2885812,-0.37647325,-0.21144833,0.078948125,-0.533506,2.188282,-0.12050895,-0.12050895,-0.120569006,-0.566998,-0.59321177,1.2191869,2.496205,2.4981117,0.56981134,-0.19907501,-0.5211157,-0.26694685,-0.27171358
182,-0.23805638884796815,3.917003354850783e-12,0.23805638884796815,99.99999579931476,-0.27936304,-0.18288113,-0.31407133,-0.32700413,-0.32912305,-0.3156403,-0.3438029,-0.2885812,-0.37647325,-0.21144833,-0.043630812,-0.5624867,0.9498379,0.05193023,0.05193023,0.051768932,-0.18205208,-0.59142333,1.2191869,1.3430854,1.3440249,0.56981134,0.05389591,-0.5210774,-0.287594,-0.29241115
183,-0.14750231802463531,6.147148950011294e-24,0.14750231802463531,99.99999322044599,-0.27936304,-0.18288113,-0.31407133,-0.32700413,-0.32912305,-0.3156403,-0.3438029,-0.2885812,-0.37647325,-0.21144833,-0.014464841,-0.6302293,0.13343363,0.8566467,0.8566467,0.8565593,0.17188028,-0.5320019,-0.343751,-0.47210765,-0.47103903,0.1641565,0.30686682,1.9717674,-0.2256525,-0.23518848
184,-0.14750231802463531,6.147148950011294e-24,0.14750231802463531,99.99999322044599,-0.27936304,-0.18288113,-0.31407133,-0.32700413,-0.32912305,-0.3156403,-0.3438029,-0.2885812,-0.37647325,-0.21144833,-0.19506995,-0.6275728,-0.039533444,0.7964442,0.7964442,0.79638034,0.26722568,-0.54900044,-0.343751,-0.33990288,-0.33989277,-0.10628005,0.30686682,1.9717674,-0.122416705,-0.11222062
185,-0.24182927374746285,6.95449512141839e-14,0.24182927374746285,99.9999958648515,-0.27936304,-0.18288113,-0.31407133,-0.32700413,-0.32912305,-0.3156403,-0.3438029,-0.2885812,-0.37647325,-0.21144833,0.030406011,-0.5950901,1.0328621,0.38470772,0.38470772,0.38480258,-0.2568973,-0.53742987,-0.06793844,0.8835162,0.88239014,-0.038670912,-0.70501685,1.9717674,1.1164134,1.110153
186,-0.24182927374746285,6.955231777668372e-14,0.24182927374746285,99.9999958648515,-0.27936304,-0.18288113,-0.31407133,-0.32700413,-0.32912305,-0.3156403,-0.3438029,-0.2885812,-0.37647325,-0.21144833,0.011743882,-0.59847116,0.65233463,0.4040693,0.4040693,0.4039877,-0.11609236,-0.54490346,0.29981166,0.5750384,0.572885,-0.038670912,-0.70501685,1.9717674,1.0338246,1.0322328
187,-0.047557998886879754,0.0017125882989014773,0.04927058715154143,103.60103020447127,-0.27936304,-0.18288113,-0.31407133,-0.32700413,-0.32912305,-0.3156403,-0.3438029,-0.2885812,-0.37647325,-0.21144833,0.334202,-0.57057714,1.1573983,0.111225225,0.111225225,0.111291945,-1.8564847,-0.5554926,2.5982497,2.0995905,2.099427,1.3811209,-1.2109587,-0.5218447,1.4674151,1.468099
188,-0.35081018361390803,3.837473086070317e-06,0.3508140199324664,100.00109070905808,-0.27936304,-0.18288113,-0.31407133,-0.32700413,-0.32912305,-0.3156403,-0.3438029,-0.2885812,-0.37647325,-0.21144833,-0.58554816,-0.5935203,0.8114644,0.34961477,0.34961477,0.34954792,-0.9623789,-0.58361524,0.7594993,0.74396664,0.7459979,0.43459305,-1.4639297,1.5881348,0.022113452,0.021704765
189,-0.23521434793285295,5.139039869181377e-16,0.23521434793285295,99.99999574855886,-0.27936304,-0.18288113,-0.31407133,-0.32700413,-0.32912305,-0.3156403,-0.3438029,-0.2885812,-0.37647325,-0.21144833,-0.85008216,-0.647014,-1.0565796,1.1446505,1.1446505,1.1448277,0.28537935,-0.5932787,-0.80343866,-0.92747974,-0.9274279,-0.84998053,-1.2109587,1.9717674,-0.7005373,-0.7051448
190,0.0505476515082752,0.006748548988350878,0.10586655782718285,209.4390811924135,-0.27936304,-0.18288113,-0.31407133,-0.32700413,-0.32912305,-0.3156403,-0.3438029,-0.2885812,-0.37647325,-0.21144833,-0.527828,1.641261,-1.0565796,-1.5850322,-1.5850322,-1.5850316,0.9202974,1.7339573,-0.80343866,-1.0166656,-1.0166074,-1.0528079,-0.9579878,1.9717674,-0.783126,-0.7830651
191,0.37306274035397696,0.36967960467525557,0.04945382358981114,13.256167640132219,-0.27936304,-0.18288113,-0.31407133,-0.32700413,-0.32912305,-0.3156403,-0.3438029,-0.2885812,-0.37647325,-0.21144833,1.3796926,-0.57214695,2.9147434,0.2927402,0.2927402,0.29281253,-0.85926133,-0.57876647,0.94337434,0.52257603,0.5204265,1.1782936,0.30686682,-0.5212308,1.0338246,1.0237101
192,-0.14556094127542832,7.321756020770427e-13,0.14556094127542832,99.99999313002567,-0.27936304,-0.18288113,-0.31407133,-0.32700413,-0.32912305,-0.3156403,-0.3438029,-0.2885812,-0.37647325,-0.21144833,-0.32132015,-0.62225956,0.16802701,0.72293067,0.72293067,0.72291946,0.037639964,-0.59012055,-0.5276261,-0.33465666,-0.33464694,0.5022022,0.05389591,-0.5213843,0.042760678,0.04118482
193,-0.14556094127542832,7.321254833700725e-13,0.14556094127542832,99.99999313002567,-0.27936304,-0.18288113,-0.31407133,-0.32700413,-0.32912305,-0.3156403,-0.3438029,-0.2885812,-0.37647325,-0.21144833,-0.24860902,-0.6042673,0.20262039,0.45247337,0.45247337,0.45252433,-0.0067692827,-0.5904407,0.023999084,-0.04191741,-0.040879387,0.5022022,0.05389591,-0.5212692,0.0014663205,0.0022247082
194,-0.37918437695970725,3.430271336208748e-06,0.37918780539550034,100.00090152335135,-0.27936304,-0.18288113,-0.31407133,-0.32700413,-0.32912305,-0.3156403,-0.3438029,-0.2885812,-0.37647325,-0.21144833,-0.52170926,-0.63759524,0.19570169,0.99913603,0.99913603,0.9992177,-0.058604848,-0.5481746,-0.7115011,-0.5633919,-0.5654643,-0.5119349,-0.70501685,-0.5199265,-0.4734185,-0.4823417
195,0.17578627490529827,0.1552784355247722,0.027975513070237403,15.914502707255412,-0.27936304,-0.18288113,-0.31407133,-0.32700413,-0.32912305,-0.3156403,-0.3438029,-0.2885812,-0.37647325,-0.21144833,-0.5493456,-0.6308331,-0.4961664,0.83093196,0.83093196,0.83097917,-0.043163773,-0.58929354,-0.06793844,-0.16782677,-0.16677976,-0.038670912,-1.2109587,-0.5209623,1.6945338,1.6945547
196,0.17578627490529827,0.15527877328442594,0.02797529042935839,15.914376052960888,-0.27936304,-0.18288113,-0.31407133,-0.32700413,-0.32912305,-0.3156403,-0.3438029,-0.2885812,-0.37647325,-0.21144833,-0.49356297,-0.6360255,-0.309362,0.9383285,0.9383285,0.9382189,-0.010589521,-0.52606076,-0.06793844,-0.36928168,-0.3713679,0.1641565,-1.2109587,-0.52103907,2.0042415,2.0123231
197,-0.34715741872787476,6.048375036180467e-21,0.34715741872787476,99.99999711946248,-0.27936304,-0.18288113,-0.31407133,-0.32700413,-0.32912305,-0.3156403,-0.3438029,-0.2885812,-0.37647325,-0.21144833,0.72182477,-0.6142899,0.65233463,0.6327782,0.6327782,0.6327331,-0.7821347,-0.55174625,1.2191869,0.29174235,0.28960913,1.6515576,0.8128087,-0.5213843,0.6208813,0.6134115
198,-0.37364044142704383,1.575988487863523e-05,0.37365620042763503,100.00421501487087,-0.27936304,-0.18288113,-0.31407133,-0.32700413,-0.32912305,-0.3156403,-0.3438029,-0.2885812,-0.37647325,-0.21144833,-0.12643793,-0.5895355,-0.3162807,0.25583217,0.25583217,0.2559181,-0.8599537,-0.5930061,-0.15987597,0.038874377,0.037808314,-0.24149832,-0.19907501,-0.5218447,-0.122416705,-0.13170068
199,0.3713166065075818,0.349728288603764,0.02186979090466219,5.889795913352462,-0.27936304,-0.18288113,-0.31407133,-0.32700413,-0.32912305,-0.3156403,-0.3438029,-0.2885812,-0.37647325,-0.21144833,-0.527828,1.641261,-1.0565796,-1.5850322,-1.5850322,-1.5850316,0.87187845,1.7339573,-0.80343866,-1.0166656,-1.0166074,-1.0528079,-0.9579878,1.9717674,-0.783126,-0.7830651
200,0.43262893312117634,0.44925814691711874,0.017145555977727853,3.9631088604549287,-0.27936304,-0.18288113,-0.31407133,-0.32700413,-0.32912305,-0.3156403,-0.3438029,-0.2885812,-0.37647325,-0.21144833,-0.41922015,-0.61284083,0.84605783,0.6224923,0.6224923,0.62240267,-0.9728994,-0.5893976,-0.06793844,0.27075744,0.26862568,0.1641565,-1.2109587,1.9717674,0.8273529,0.8301271
201,-0.1714937806713815,4.041523522164996e-09,0.17149378417753705,99.99999621336468,-0.27936304,-0.18288113,-0.31407133,-0.32700413,-0.32912305,-0.3156403,-0.3438029,-0.2885812,-0.37647325,-0.21144833,-0.76146233,-0.6448405,-0.9527994,1.0971541,1.0971541,1.097111,1.0400206,-0.5829079,-0.80343866,-0.7942257,-0.79628164,-0.579544,0.55983776,-0.5200416,-0.67989016,-0.67470723
202,-0.37124254364593356,1.0338678125877937e-15,0.37124254364593356,99.99999730634327,-0.27936304,-0.18288113,-0.31407133,-0.32700413,-0.32912305,-0.3156403,-0.3438029,-0.2885812,-0.37647325,-0.21144833,-0.527828,1.641261,-1.0565796,-1.5850322,-1.5850322,-1.5850316,0.6688855,1.7339573,-0.80343866,-1.0166656,-1.0166074,-1.0528079,0.30686682,-0.5218447,-0.783126,-0.7830651
203,-0.23777040137964137,2.040856233019012e-05,0.23779080954252504,100.0085789324102,-0.27936304,-0.18288113,-0.31407133,-0.32700413,-0.32912305,-0.3156403,-0.3438029,-0.2885812,-0.37647325,-0.21144833,0.027550608,-0.61537665,0.112677544,0.6103913,0.6103913,0.6102685,-0.8373062,-0.5597328,1.403062,0.5813338,0.5833767,1.3135118,-0.70501685,-0.5182769,2.6649506,2.6575997
204,-0.31302362446691473,6.409919824720561e-05,0.3130877228344188,100.0204739707956,-0.27936304,-0.18288113,-0.31407133,-0.32700413,-0.32912305,-0.3156403,-0.3438029,-0.2885812,-0.37647325,-0.21144833,-0.07126724,-0.6138069,0.42401823,0.6106939,0.6106939,0.6107604,-0.8578831,-0.57859623,-0.06793844,0.2329846,0.23190479,-0.038670912,0.05389591,-0.5208856,0.9305887,0.9323974
205,-0.3249476265673544,1.7066542467556549e-22,0.3249476265673544,99.99999692258109,-0.27936304,-0.18288113,-0.31407133,-0.32700413,-0.32912305,-0.3156403,-0.3438029,-0.2885812,-0.37647325,-0.21144833,-0.76095235,-0.62600297,-0.87669396,0.73563665,0.73563665,0.7355456,0.76743513,-0.5883595,-0.43568856,0.8856147,0.8876359,-0.64715314,-0.19907501,-0.5218447,-0.39082983,-0.3837239
206,-0.3198311924934387,1.9524875610254e-18,0.3198311924934387,99.99999687335071,-0.27936304,-0.18288113,-0.31407133,-0.32700413,-0.32912305,-0.3156403,-0.3438029,-0.2885812,-0.37647325,-0.21144833,-0.07524442,-0.6194823,1.143561,0.7677044,0.7677044,0.7676847,-0.3101744,-0.57245237,-0.06793844,1.5917563,1.5905796,-0.37671658,-0.19907501,-0.5210007,-0.45277134,-0.45312163
207,-0.23777040137964137,4.649423691957696e-06,0.2377750502497542,100.0019509871249,-0.27936304,-0.18288113,-0.31407133,-0.32700413,-0.32912305,-0.3156403,-0.3438029,-0.2885812,-0.37647325,-0.21144833,-0.46827215,-0.6007655,-0.7175642,0.37805215,0.37805215,0.37807962,-0.6232147,-0.5731748,0.66756177,1.4522067,1.4541876,-0.038670912,-0.70501685,-0.5158984,1.5706509,1.5630642
208,0.02825349646017832,0.00769729609144669,0.02055620044177654,72.75628060803466,-0.27936304,-0.18288113,-0.31407133,-0.32700413,-0.32912305,-0.3156403,-0.3438029,-0.2885812,-0.37647325,-0.21144833,0.84409785,-0.5982297,0.77687085,0.42010325,0.42010325,0.42005724,-1.0899522,-0.5555429,0.66756177,1.6221844,1.6220547,0.5022022,0.05389591,-0.520502,0.74476427,0.7449019
209,-0.3249476265673544,1.7064753611233476e-22,0.3249476265673544,99.99999692258109,-0.27936304,-0.18288113,-0.31407133,-0.32700413,-0.32912305,-0.3156403,-0.3438029,-0.2885812,-0.37647325,-0.21144833,-0.50916576,-0.6408556,-0.6552961,1.0200101,1.0200101,1.0200427,0.8969423,-0.57889855,-0.80343866,-0.72812325,-0.72808564,0.1641565,-0.19907501,-0.5218447,-0.7211845,-0.71610236
210,-0.26505792140960693,5.106675719919925e-05,0.26510898272196454,100.01926043566631,-0.27936304,-0.18288113,-0.31407133,-0.32700413,-0.32912305,-0.3156403,-0.3438029,-0.2885812,-0.37647325,-0.21144833,-0.45185348,-0.6373537,-0.786751,0.9449841,0.9449841,0.9449419,0.9156666,-0.58650833,-0.80343866,-0.71553236,-0.71759397,-0.7147623,0.30686682,-0.51873726,-0.74183166,-0.74653995
211,-0.44459906220436096,3.6005892118057395e-25,0.44459906220436096,99.99999775078253,-0.27936304,-0.18288113,-0.31407133,-0.32700413,-0.32912305,-0.3156403,-0.3438029,-0.2885812,-0.37647325,-0.21144833,-0.119911276,1.641261,-1.0565796,-1.5850322,-1.5850322,-1.5850316,-0.80970126,-0.5882585,-0.80343866,-1.0166656,-1.0166074,-1.0528079,2.0776634,-0.51892906,-0.7624788,-0.7648025
212,-0.312921674228182,3.7661416551342622e-31,0.312921674228182,99.99999680431223,-0.27936304,-0.18288113,-0.31407133,-0.32700413,-0.32912305,-0.3156403,-0.3438029,-0.2885812,-0.37647325,-0.21144833,-0.08513634,-0.6478593,-0.81442577,1.1688526,1.1688526,1.168768,0.5681211,-0.5790334,-0.80343866,-0.8792145,-0.8802153,0.23176563,-0.45204595,1.9717674,-0.74183166,-0.73314744
213,-0.09974948112286773,1.5453746261747083e-07,0.09974963583198249,100.00014507253434,-0.27936304,-0.18288113,-0.31407133,-0.32700413,-0.32912305,-0.3156403,-0.3438029,-0.2885812,-0.37647325,-0.21144833,-0.478572,-0.60462964,0.4516929,0.47455758,0.47455758,0.47449705,0.42288896,-0.5717037,0.29981166,0.5099852,0.50993484,-0.038670912,0.30686682,-0.5218447,-0.32888836,-0.33502376
214,-0.17838650766540975,4.1304426624577823e-10,0.17838650766540975,99.99999439419518,-0.27936304,-0.18288113,-0.31407133,-0.32700413,-0.32912305,-0.3156403,-0.3438029,-0.2885812,-0.37647325,-0.21144833,-0.21322224,-0.60921824,-0.0049400697,0.51267576,0.51267576,0.51270324,-0.3417028,-0.55345345,0.29981166,0.11756772,0.116496116,0.6374205,0.30686682,-0.5218447,0.14599642,0.15076014
215,-0.3243108122956519,2.9368645532396804e-05,0.32434018219218536,100.00905301165272,-0.27936304,-0.18288113,-0.31407133,-0.32700413,-0.32912305,-0.3156403,-0.3438029,-0.2885812,-0.37647325,-0.21144833,-0.31295785,-0.6134446,0.7630337,0.6291479,0.6291479,0.6291256,-1.0464334,-0.57916516,-0.06793844,0.17107923,0.16895461,0.43459305,0.8128087,-0.51919764,-0.59730154,-0.6028746
216,-0.312921674228182,3.7661416551342622e-31,0.312921674228182,99.99999680431223,-0.27936304,-0.18288113,-0.31407133,-0.32700413,-0.32912305,-0.3156403,-0.3438029,-0.2885812,-0.37647325,-0.21144833,-0.28950265,-0.61441064,0.4378556,0.6122066,0.6122066,0.61240023,0.22599815,-0.589227,-0.80343866,-0.38187262,-0.3818596,-0.30910745,-0.45204595,-0.5218447,-0.65924305,-0.6540097
217,-0.17838650766540975,4.135089938711181e-10,0.17838650766540975,99.99999439419518,-0.27936304,-0.18288113,-0.31407133,-0.32700413,-0.32912305,-0.3156403,-0.3438029,-0.2885812,-0.37647325,-0.21144833,-0.18354626,-0.6025768,0.9705941,0.49633938,0.49633938,0.49630573,-0.7011166,-0.5582867,0.66756177,0.59602314,0.5938684,0.6374205,0.30686682,-0.5184303,0.29052663,0.28833804
218,-0.4668423656155081,7.223795278730227e-07,0.46684309022099363,100.00015307211231,-0.27936304,-0.18288113,-0.31407133,-0.32700413,-0.32912305,-0.3156403,-0.3438029,-0.2885812,-0.37647325,-0.21144833,-0.80714893,-0.635301,0.1749457,0.9619254,0.9619254,0.96183133,-0.39849532,-0.58753246,0.20787413,3.3996043,3.4003978,-0.37671658,-0.45204595,-0.5218447,-0.081122346,-0.074478015
219,-0.09974948112286773,1.5459294430207685e-07,0.09974963597807229,100.00014521899104,-0.27936304,-0.18288113,-0.31407133,-0.32700413,-0.32912305,-0.3156403,-0.3438029,-0.2885812,-0.37647325,-0.21144833,-0.5028431,-0.6136861,0.3340754,0.5943575,0.5943575,0.59436285,0.65588355,-0.5743463,-0.06793844,0.1500943,0.14797115,-0.038670912,0.30686682,-0.5218447,-0.4734185,-0.47747168
220,-0.41077183566841424,1.4841093387386518e-24,0.41077183566841424,99.99999756555857,-0.27936304,-0.18288113,-0.31407133,-0.32700413,-0.32912305,-0.3156403,-0.3438029,-0.2885812,-0.37647325,-0.21144833,-0.65938115,-0.63747454,-1.0565796,0.9431688,0.9431688,0.94330215,1.0159346,-0.5874736,-0.43568856,0.08713966,0.085020974,-0.84998053,0.8128087,-0.52034855,-0.32888836,-0.32406625
221,-0.38377445234971885,4.5158425140569055e-22,0.38377445234971885,99.99999739430291,-0.27936304,-0.18288113,-0.31407133,-0.32700413,-0.32912305,-0.3156403,-0.3438029,-0.2885812,-0.37647325,-0.21144833,0.19928358,-0.5498076,2.2574687,0.010484464,0.010484464,0.010611167,-0.26974353,-0.56444436,0.20787413,3.8360903,3.8358033,-0.30910745,1.3187505,-0.51904416,-0.4734185,-0.47016665
222,-0.40793411521350637,1.549146522136218e-23,0.40793411521350637,99.99999754862382,-0.27936304,-0.18288113,-0.31407133,-0.32700413,-0.32912305,-0.3156403,-0.3438029,-0.2885812,-0.37647325,-0.21144833,1.7944418,-0.5890525,0.0019786258,0.26097503,0.26097503,0.26100132,-0.50707644,-0.5829037,1.1272494,0.9580125,0.95583194,0.56981134,1.5717214,-0.5206938,0.76541144,0.7668169
223,-0.40793411521350637,1.5488098479027654e-23,0.40793411521350637,99.99999754862382,-0.27936304,-0.18288113,-0.31407133,-0.32700413,-0.32912305,-0.3156403,-0.3438029,-0.2885812,-0.37647325,-0.21144833,2.297301,-0.5851883,0.53471714,0.24615139,0.24615139,0.24607955,-0.7278124,-0.5888426,1.4949994,1.8110483,1.8109055,0.84024787,1.5717214,-0.5213076,1.1783547,1.1844207
224,-0.40793411521350637,3.4046049454356727e-06,0.40793751910621046,100.00083197077527,-0.27936304,-0.18288113,-0.31407133,-0.32700413,-0.32912305,-0.3156403,-0.3438029,-0.2885812,-0.37647325,-0.21144833,-0.5503654,-0.61078805,-1.0565796,0.50511265,0.50511265,0.5051604,0.776629,-0.5934104,-0.43568856,1.5288016,1.5276296,-0.84998053,1.0657796,-0.52034855,-0.32888836,-0.33137128
225,-0.40793411521350637,4.515253225293292e-22,0.40793411521350637,99.99999754862382,-0.27936304,-0.18288113,-0.31407133,-0.32700413,-0.32912305,-0.3156403,-0.3438029,-0.2885812,-0.37647325,-0.21144833,0.23548615,-0.5426832,2.126014,-0.054558557,-0.054558557,-0.054650974,-1.0862799,-0.56532633,0.20787413,4.35022,4.3498964,-0.30910745,1.3187505,-0.5190825,-0.5147128,-0.5152143
226,-0.16350668435003243,2.6814168252536126e-11,0.16350668435003243,99.99999388404245,-0.27936304,-0.18288113,-0.31407133,-0.32700413,-0.32912305,-0.3156403,-0.3438029,-0.2885812,-0.37647325,-0.21144833,-0.527828,1.641261,-1.0565796,-1.5850322,-1.5850322,-1.5850316,1.0437196,1.7339573,-0.80343866,-1.0166656,-1.0166074,-1.0528079,-0.45204595,-0.521346,-0.783126,-0.7830651
227,1.2646745443344116,1.257346188320833,0.022308887219896503,1.764002220447734,-0.27936304,-0.18288113,-0.31407133,-0.32700413,-0.32912305,-0.3156403,-0.3438029,-0.2885812,-0.37647325,-0.21144833,-0.21097869,-0.535438,0.35483137,-0.18585436,-0.18585436,-0.18583116,-0.6928731,-0.583866,0.29981166,2.0104048,2.0102477,-0.30910745,-0.9579878,1.9717674,-0.6385958,-0.64305216
228,-0.2513715931597878,1.473311834961062e-13,0.2513715931597878,99.99999602182591,-0.27936304,-0.18288113,-0.31407133,-0.32700413,-0.32912305,-0.3156403,-0.3438029,-0.2885812,-0.37647325,-0.21144833,-0.80470145,-0.6444782,-0.63454,1.0980617,1.0980617,1.0980947,1.0424373,-0.59348345,-0.80343866,-0.95056313,-0.94841135,-0.84998053,-0.19907501,-0.51804674,-0.7005373,-0.70149237
229,-0.4539004272105647,1.1663973018576678e-29,0.4539004272105647,99.99999779687369,-0.27936304,-0.18288113,-0.31407133,-0.32700413,-0.32912305,-0.3156403,-0.3438029,-0.2885812,-0.37647325,-0.21144833,-0.6251161,-0.60656166,0.6039039,0.5169111,0.5169111,0.5168026,-0.1373658,-0.58505887,0.023999084,1.3409868,1.338779,-0.37671658,0.30686682,-0.5218447,-0.4321242,-0.43364155
230,0.044247452242701664,0.00691542351691454,0.03733202891753001,84.37100576019517,-0.27936304,-0.18288113,-0.31407133,-0.32700413,-0.32912305,-0.3156403,-0.3438029,-0.2885812,-0.37647325,-0.21144833,-0.32386962,1.641261,-1.0565796,-1.5850322,-1.5850322,-1.5850316,0.70905834,-0.5939687,-0.80343866,-1.0166656,-1.0166074,-1.0528079,-0.45204595,1.9717674,-0.783126,-0.7830651
231,0.044247452242701664,0.006915336091290502,0.037332116169672386,84.37120295148695,-0.27936304,-0.18288113,-0.31407133,-0.32700413,-0.32912305,-0.3156403,-0.3438029,-0.2885812,-0.37647325,-0.21144833,-0.527828,1.641261,-1.0565796,-1.5850322,-1.5850322,-1.5850316,0.8700959,-0.5939687,-0.80343866,-1.0166656,-1.0166074,-1.0528079,-0.70501685,1.9717674,-0.783126,-0.7830651
232,-0.27251727791393504,1.018026662823284e-11,0.27251727791393504,99.99999633050804,-0.27936304,-0.18288113,-0.31407133,-0.32700413,-0.32912305,-0.3156403,-0.3438029,-0.2885812,-0.37647325,-0.21144833,-0.527828,1.641261,-1.0565796,-1.5850322,-1.5850322,-1.5850316,1.181943,1.7339573,-0.80343866,-1.0166656,-1.0166074,-1.0528079,-1.2109587,1.9717674,-0.783126,-0.7830651
233,1.2646745443344116,1.1336790042765,0.13099554005791159,10.358043467305588,-0.27936304,-0.18288113,-0.31407133,-0.32700413,-0.32912305,-0.3156403,-0.3438029,-0.2885812,-0.37647325,-0.21144833,-0.32386962,1.641261,-1.0565796,-1.5850322,-1.5850322,-1.5850316,-0.6684272,1.7339573,-0.80343866,-1.0166656,-1.0166074,-1.0528079,-0.9579878,-0.51509273,-0.783126,-0.7830651
234,-0.08217076785342001,2.1905146766698635e-05,0.08239373543719743,100.27133439600043,-0.27936304,-0.18288113,-0.31407133,-0.32700413,-0.32912305,-0.3156403,-0.3438029,-0.2885812,-0.37647325,-0.21144833,-0.527828,1.641261,-1.0565796,-1.5850322,-1.5850322,-1.5850316,1.181943,1.7339573,-0.80343866,-1.0166656,-1.0166074,-1.0528079,-1.2109587,1.9717674,-0.783126,-0.7830651
235,1.2646745443344116,1.257346183645959,0.022308887219896503,1.764002220447734,-0.27936304,-0.18288113,-0.31407133,-0.32700413,-0.32912305,-0.3156403,-0.3438029,-0.2885812,-0.37647325,-0.21144833,-0.2269894,-0.5406304,0.24413244,-0.15318166,-0.15318166,-0.15320009,-0.643349,-0.583105,0.29981166,1.5550327,1.5538588,-0.30910745,-0.9579878,1.9717674,-0.6385958,-0.64305216
236,-0.08217076785342001,2.190514796180365e-05,0.08239373543948009,100.27133439877838,-0.27936304,-0.18288113,-0.31407133,-0.32700413,-0.32912305,-0.3156403,-0.3438029,-0.2885812,-0.37647325,-0.21144833,-0.527828,1.641261,-1.0565796,-1.5850322,-1.5850322,-1.5850316,1.181943,1.7339573,-0.80343866,-1.0166656,-1.0166074,-1.0528079,-1.2109587,1.9717674,-0.783126,-0.7830651
237,0.3996560573577881,0.40258220597809435,0.005337063003988827,1.335413982145522,-0.27936304,-0.18288113,-0.31407133,-0.32700413,-0.32912305,-0.3156403,-0.3438029,-0.2885812,-0.37647325,-0.21144833,-0.7317863,1.641261,-1.0565796,-1.5850322,-1.5850322,-1.5850316,1.181943,1.7339573,-0.80343866,-1.0166656,-1.0166074,-1.0528079,-1.4639297,1.5881348,-0.783126,-0.7830651
238,-0.20018362239295362,7.506006866106855e-05,0.20025868334022223,100.03749105077746,-0.27936304,-0.18288113,-0.31407133,-0.32700413,-0.32912305,-0.3156403,-0.3438029,-0.2885812,-0.37647325,-0.21144833,-0.1941521,-0.5982297,0.8737326,0.43099415,0.43099415,0.43104362,-1.6693342,-0.59300435,0.20787413,0.2781022,0.27911747,0.56981134,-0.70501685,1.9717674,0.5176455,0.5135762
239,-0.23046844262702793,5.380621348806737e-19,0.23046844262702793,99.99999566101135,-0.27936304,-0.18288113,-0.31407133,-0.32700413,-0.32912305,-0.3156403,-0.3438029,-0.2885812,-0.37647325,-0.21144833,-0.44032982,-0.5905015,-0.21250047,0.27065584,0.27065584,0.27051187,-0.14384705,-0.5790848,-0.06793844,0.60546637,0.60436004,-0.038670912,-0.45204595,1.9717674,-0.45277134,-0.45433912
240,-0.20018362239295362,0.00012772923960880029,0.2003113507640128,100.06380060623961,-0.27936304,-0.18288113,-0.31407133,-0.32700413,-0.32912305,-0.3156403,-0.3438029,-0.2885812,-0.37647325,-0.21144833,0.26281658,-0.6161012,0.6177413,0.65819025,0.65819025,0.65798527,-0.7900965,-0.5752619,0.94337434,1.1195962,1.1184533,0.907857,-0.19907501,-0.5218447,1.7771227,1.7809974
241,-0.23046844262702793,5.380621348806737e-19,0.23046844262702793,99.99999566101135,-0.27936304,-0.18288113,-0.31407133,-0.32700413,-0.32912305,-0.3156403,-0.3438029,-0.2885812,-0.37647325,-0.21144833,-0.31642514,-0.5905015,0.9152446,0.34416932,0.34416932,0.34413674,-0.5478659,-0.5754563,0.66756177,1.0335581,1.0345197,0.23176563,-0.45204595,1.9717674,-0.4734185,-0.4811242
242,-0.3484412268096325,9.093501482900191e-06,0.34845032586770897,100.00260849093515,-0.27936304,-0.18288113,-0.31407133,-0.32700413,-0.32912305,-0.3156403,-0.3438029,-0.2885812,-0.37647325,-0.21144833,0.10362706,-0.6097012,0.38942486,0.54171824,0.54171824,0.5415629,0.40881202,-0.59367895,-0.15987597,0.20570426,0.2056755,-0.10628005,0.30686682,-0.5186989,-0.49406567,-0.50182176
243,-0.44233812479411855,3.2722645497129885e-05,0.44237084715974095,100.00739533018957,-0.27936304,-0.18288113,-0.31407133,-0.32700413,-0.32912305,-0.3156403,-0.3438029,-0.2885812,-0.37647325,-0.21144833,0.892946,-0.5933996,1.3096095,0.39680874,0.39680874,0.3967728,-1.770827,-0.589272,2.5982497,0.76600087,0.7669815,2.9361312,2.5836053,-0.51789325,0.84800005,0.8520422
244,-0.44233812479411855,2.0348779330828725e-06,0.4423401601174298,100.00045786767001,-0.27936304,-0.18288113,-0.31407133,-0.32700413,-0.32912305,-0.3156403,-0.3438029,-0.2885812,-0.37647325,-0.21144833,1.313304,-0.59267503,0.8253018,0.34416932,0.34416932,0.34430075,-1.1545969,-0.5857919,2.2304997,0.8520389,0.85091496,2.1924307,1.5717214,-0.520502,3.9244277,3.925021
245,-0.007785368710756302,0.00039623775313991834,0.00818160644677632,105.08938294128953,-0.27936304,-0.18288113,-0.31407133,-0.32700413,-0.32912305,-0.3156403,-0.3438029,-0.2885812,-0.37647325,-0.21144833,-0.527828,1.641261,-1.0565796,-1.5850322,-1.5850322,-1.5850316,1.181943,1.7339573,-0.80343866,-1.0166656,-1.0166074,-1.0528079,-1.2109587,1.9717674,-0.783126,-0.7830651
246,-0.4446719288825989,3.4018071252605016e-33,0.4446719288825989,99.9999977511511,-0.27936304,-0.18288113,-0.31407133,-0.32700413,-0.32912305,-0.3156403,-0.3438029,-0.2885812,-0.37647325,-0.21144833,-0.527828,1.641261,-1.0565796,-1.5850322,-1.5850322,-1.5850316,1.181943,1.7339573,-0.80343866,-1.0166656,-1.0166074,-1.0528079,2.5836053,-0.5100288,-0.783126,-0.7830651
247,-0.16350668435003243,2.681390859727672e-11,0.16350668435003243,99.99999388404245,-0.27936304,-0.18288113,-0.31407133,-0.32700413,-0.32912305,-0.3156403,-0.3438029,-0.2885812,-0.37647325,-0.21144833,-0.527828,1.641261,-1.0565796,-1.5850322,-1.5850322,-1.5850316,1.0307947,1.7339573,-0.80343866,-1.0166656,-1.0166074,-1.0528079,-0.45204595,-0.5214227,-0.783126,-0.7830651
248,0.4508540256350648,0.4532383820589851,0.024897256318260643,5.522243198553346,-0.27936304,-0.18288113,-0.31407133,-0.32700413,-0.32912305,-0.3156403,-0.3438029,-0.2885812,-0.37647325,-0.21144833,-0.527828,1.641261,-1.0565796,-1.5850322,-1.5850322,-1.5850316,1.181943,1.7339573,-0.80343866,-1.0166656,-1.0166074,-1.0528079,-1.2109587,1.9717674,-0.783126,-0.7830651
249,-0.03550254023067799,0.0004882225124781732,0.035990762912357845,101.37514820346057,-0.27936304,-0.18288113,-0.31407133,-0.32700413,-0.32912305,-0.3156403,-0.3438029,-0.2885812,-0.37647325,-0.21144833,-0.78726304,-0.6272105,-0.3231994,0.7770826,0.7770826,0.7770313,0.9662726,-0.5939686,-0.80343866,-0.52247137,-0.5234975,-0.7147623,-1.2109587,1.9717674,-0.783126,-0.77941257
250,-0.3198311924934387,1.952253460295583e-18,0.3198311924934387,99.99999687335071,-0.27936304,-0.18288113,-0.31407133,-0.32700413,-0.32912305,-0.3156403,-0.3438029,-0.2885812,-0.37647325,-0.21144833,-0.08136316,-0.62056905,0.9982687,0.7701245,0.7701245,0.7703084,-0.41259277,-0.57964647,-0.06793844,2.2517312,2.2515569,-0.37671658,-0.19907501,-0.5212308,-0.45277134,-0.45312163
251,-0.05072774080669179,3.701458298363057e-10,0.05072774080669179,99.99998028692414,-0.27936304,-0.18288113,-0.31407133,-0.32700413,-0.32912305,-0.3156403,-0.3438029,-0.2885812,-0.37647325,-0.21144833,4.136088,-0.573596,1.7524049,0.21196598,0.21196598,0.21180877,-1.2077166,-0.58946776,3.9773126,1.1091038,1.1079617,2.9361312,0.05389591,1.9717674,3.346307,3.3369668
252,-0.31603188608206956,1.143326558854068e-21,0.31603188608206956,99.99999683576243,-0.27936304,-0.18288113,-0.31407133,-0.32700413,-0.32912305,-0.3156403,-0.3438029,-0.2885812,-0.37647325,-0.21144833,-0.527828,1.641261,-1.0565796,-1.5850322,-1.5850322,-1.5850316,1.181943,1.7339573,-0.80343866,-1.0166656,-1.0166074,-1.0528079,-0.9579878,1.9717674,-0.783126,-0.7830651
253,-0.38325148820877075,1.2500518809532628e-05,0.3832639894064735,100.00325926911209,-0.27936304,-0.18288113,-0.31407133,-0.32700413,-0.32912305,-0.3156403,-0.3438029,-0.2885812,-0.37647325,-0.21144833,0.25863546,-0.5773394,1.2265854,0.2149912,0.2149912,0.21508823,-0.23212054,-0.5833858,1.0353119,1.8645598,1.8633641,0.5022022,1.3187505,-0.5210007,-0.39082983,-0.3825064
254,-0.32277436729739695,1.859317424033161e-05,0.3227929585412437,100.00575672827637,-0.27936304,-0.18288113,-0.31407133,-0.32700413,-0.32912305,-0.3156403,-0.3438029,-0.2885812,-0.37647325,-0.21144833,0.49196377,1.641261,-1.0565796,-1.5850322,-1.5850322,-1.5850316,1.0425595,1.7339573,-0.80343866,-1.0166656,-1.0166074,-1.0528079,0.8128087,-0.5137501,-0.783126,-0.7830651
255,-0.21296305253225215,3.0832073846982717e-15,0.21296305253225215,99.99999530435002,-0.27936304,-0.18288113,-0.31407133,-0.32700413,-0.32912305,-0.3156403,-0.3438029,-0.2885812,-0.37647325,-0.21144833,-0.591361,-0.6281765,-0.29552466,0.792814,0.792814,0.792609,0.44084856,-0.5934793,-0.43568856,-0.27275118,-0.27169675,-0.17388919,0.30686682,-0.5200416,-0.37018266,-0.36789638
256,-0.41118595530005064,7.959726473205724e-21,0.41118595530005064,99.99999756801039,-0.27936304,-0.18288113,-0.31407133,-0.32700413,-0.32912305,-0.3156403,-0.3438029,-0.2885812,-0.37647325,-0.21144833,2.415291,-0.5289173,3.3713763,-0.09660947,-0.09660947,-0.09679261,-1.6390015,-0.5618858,3.4256876,2.2517312,2.2515569,2.5304763,1.3187505,-0.5207321,1.4674151,1.4693165
257,-0.0003905173610238468,0.0029019084833242803,0.05500051992781022,14083.653392073526,-0.27936304,-0.18288113,-0.31407133,-0.32700413,-0.32912305,-0.3156403,-0.3438029,-0.2885812,-0.37647325,-0.21144833,-0.2697187,-0.60945976,0.5139611,0.5517014,0.5517014,0.5517294,-0.6321115,-0.5729691,2.0466247,0.70934165,0.70927715,2.1248214,1.0657796,-0.5185838,2.1281242,2.1267684
258,-0.4248880305710961,1.0410009816255564e-06,0.42488907189930186,100.00024272940335,-0.27936304,-0.18288113,-0.31407133,-0.32700413,-0.32912305,-0.3156403,-0.3438029,-0.2885812,-0.37647325,-0.21144833,-0.527828,1.641261,-1.0565796,-1.5850322,-1.5850322,-1.5850316,0.87843424,1.7339573,-0.80343866,-1.0166656,-1.0166074,-1.0528079,1.5717214,-0.5203101,-0.783126,-0.7830651
259,-0.4143826242755441,9.326697147562802e-23,0.4143826242755441,99.99999758677146,-0.27936304,-0.18288113,-0.31407133,-0.32700413,-0.32912305,-0.3156403,-0.3438029,-0.2885812,-0.37647325,-0.21144833,0.9504622,-0.58772415,0.67309076,0.27942908,0.27942908,0.27936652,-0.9126962,-0.5619716,0.85143685,0.53097,0.5309182,0.907857,2.0776634,-0.5202334,0.22858514,0.22868037
260,0.15733256088752373,0.10686537974021014,0.050467181147313585,32.07675363252808,-0.27936304,-0.18288113,-0.31407133,-0.32700413,-0.32912305,-0.3156403,-0.3438029,-0.2885812,-0.37647325,-0.21144833,-0.64969313,-0.6198445,-0.3231994,0.6536525,0.6536525,0.653722,0.14167148,-0.5571035,-0.15987597,0.1847194,0.18469213,-0.37671658,-0.70501685,1.9717674,-0.060475167,-0.069608
261,0.34062925594694476,0.31301037003012266,0.038185608445429335,11.210313458907843,-0.27936304,-0.18288113,-0.31407133,-0.32700413,-0.32912305,-0.3156403,-0.3438029,-0.2885812,-0.37647325,-0.21144833,-0.53547645,-0.6421839,-0.6691334,1.0454222,1.0454222,1.0456227,1.0097661,-0.54916614,-0.80343866,-0.5560472,-0.55497265,-0.30910745,-0.45204595,-0.5212692,-0.5147128,-0.52373683
262,-0.08935358010086358,1.4039840592948737e-07,0.0893537204931764,100.0001459284542,-0.27936304,-0.18288113,-0.31407133,-0.32700413,-0.32912305,-0.3156403,-0.3438029,-0.2885812,-0.37647325,-0.21144833,-0.527828,1.641261,-1.0565796,-1.5850322,-1.5850322,-1.5850316,1.0827063,1.7339573,-0.80343866,-1.0166656,-1.0166074,-1.0528079,-1.2109587,-0.5158984,-0.783126,-0.7830651
263,-0.08935358010086358,1.4039840592948737e-07,0.0893537204931764,100.0001459284542,-0.27936304,-0.18288113,-0.31407133,-0.32700413,-0.32912305,-0.3156403,-0.3438029,-0.2885812,-0.37647325,-0.21144833,-0.527828,1.641261,-1.0565796,-1.5850322,-1.5850322,-1.5850316,1.1256485,1.7339573,-0.80343866,-1.0166656,-1.0166074,-1.0528079,-1.2109587,-0.5170493,-0.783126,-0.7830651
264,0.438865007723079,0.4537291222927617,0.019199173240100637,4.374733110355857,-0.27936304,-0.18288113,-0.31407133,-0.32700413,-0.32912305,-0.3156403,-0.3438029,-0.2885812,-0.37647325,-0.21144833,-0.84120995,-0.61392766,-0.19866313,0.5689455,0.5689455,0.5689467,0.6352963,-0.5938135,-0.80343866,-0.40075904,-0.402843,-0.64715314,-0.70501685,1.9717674,-0.49406567,-0.49816924
265,-0.2762944435372072,4.419505581937358e-20,0.2762944435372072,99.99999638067291,-0.27936304,-0.18288113,-0.31407133,-0.32700413,-0.32912305,-0.3156403,-0.3438029,-0.2885812,-0.37647325,-0.21144833,-0.5183439,-0.63650846,-0.55843455,0.9350007,0.9350007,0.9351034,1.0032235,-0.56367266,-0.80343866,-0.67775965,-0.6756271,-0.30910745,-0.70501685,-0.5212692,-0.65924305,-0.66740227
266,-0.2762944435372072,4.419505581937358e-20,0.2762944435372072,99.99999638067291,-0.27936304,-0.18288113,-0.31407133,-0.32700413,-0.32912305,-0.3156403,-0.3438029,-0.2885812,-0.37647325,-0.21144833,-0.44716245,-0.61308235,0.25105116,0.5798364,0.5798364,0.5799331,1.0131878,-0.5758038,-0.80343866,-0.45217198,-0.45005563,-0.30910745,-0.70501685,-0.5218447,-0.67989016,-0.6710548
267,-0.3164273798465729,2.0927158402628265e-05,0.3164483110109965,100.00661167935993,-0.27936304,-0.18288113,-0.31407133,-0.32700413,-0.32912305,-0.3156403,-0.3438029,-0.2885812,-0.37647325,-0.21144833,-0.8249953,-0.6099428,0.3064006,0.5408105,0.5408105,0.540743,0.2498157,-0.5939687,-0.80343866,-0.34724757,-0.34513867,-0.579544,-0.9579878,1.9717674,-0.783126,-0.7830651
268,-0.329790662316715,5.211704400100273e-19,0.329790662316715,99.99999696777355,-0.27936304,-0.18288113,-0.31407133,-0.32700413,-0.32912305,-0.3156403,-0.3438029,-0.2885812,-0.37647325,-0.21144833,-0.527828,1.641261,-1.0565796,-1.5850322,-1.5850322,-1.5850316,1.181943,1.7339573,-0.80343866,-1.0166656,-1.0166074,-1.0528079,-1.2109587,-0.5218447,-0.783126,-0.7830651
269,-0.329790662316715,5.211598554434024e-19,0.329790662316715,99.99999696777355,-0.27936304,-0.18288113,-0.31407133,-0.32700413,-0.32912305,-0.3156403,-0.3438029,-0.2885812,-0.37647325,-0.21144833,-0.32386962,1.641261,-1.0565796,-1.5850322,-1.5850322,-1.5850316,1.181943,1.7339573,-0.80343866,-1.0166656,-1.0166074,-1.0528079,-0.9579878,-0.5218447,-0.783126,-0.7830651
270,-0.2721448745213303,0.00010458437549566631,0.2722494567141813,100.0384251914325,-0.27936304,-0.18288113,-0.31407133,-0.32700413,-0.32912305,-0.3156403,-0.3438029,-0.2885812,-0.37647325,-0.21144833,-0.32213598,-0.6158597,0.8529764,0.67634183,0.67634183,0.6763505,-0.7550018,-0.5815067,0.29981166,0.34000757,0.34206763,0.43459305,2.0776634,-0.5211157,1.9010055,1.9051827
271,-0.15309908986091614,0.00026085183102016646,0.1533599446217219,100.17037641700229,-0.27936304,-0.18288113,-0.31407133,-0.32700413,-0.32912305,-0.3156403,-0.3438029,-0.2885812,-0.37647325,-0.21144833,-0.119911276,1.641261,-1.0565796,-1.5850322,-1.5850322,-1.5850316,1.0659455,1.7339573,-0.80343866,-1.0166656,-1.0166074,-1.0528079,-0.19907501,-0.5193127,-0.783126,-0.7830651
272,0.6196300177013173,0.5888342015883502,0.03253855775384342,5.2512880750072535,-0.27936304,-0.18288113,-0.31407133,-0.32700413,-0.32912305,-0.3156403,-0.3438029,-0.2885812,-0.37647325,-0.21144833,-0.7317863,1.641261,-1.0565796,-1.5850322,-1.5850322,-1.5850316,1.181943,1.7339573,-0.80343866,-1.0166656,-1.0166074,-1.0528079,-1.4639297,1.5881348,-0.783126,-0.7830651
273,0.6196300177013173,0.5888342015883502,0.03253855775384342,5.2512880750072535,-0.27936304,-0.18288113,-0.31407133,-0.32700413,-0.32912305,-0.3156403,-0.3438029,-0.2885812,-0.37647325,-0.21144833,-0.7317863,1.641261,-1.0565796,-1.5850322,-1.5850322,-1.5850316,1.181943,1.7339573,-0.80343866,-1.0166656,-1.0166074,-1.0528079,-1.4639297,1.5881348,-0.783126,-0.7830651
274,-0.33225902915000916,5.272765062082713e-16,0.33225902915000916,99.99999699030009,-0.27936304,-0.18288113,-0.31407133,-0.32700413,-0.32912305,-0.3156403,-0.3438029,-0.2885812,-0.37647325,-0.21144833,0.28555796,-0.59521085,0.4516929,0.36141342,0.36141342,0.3615181,-0.8163179,-0.5500972,1.0353119,0.6883567,0.6882936,0.7050296,0.55983776,-0.5198498,-0.32888836,-0.32650125
275,-0.35824143185335044,1.118063347330819e-05,0.3582526106460422,100.00311767187904,-0.27936304,-0.18288113,-0.31407133,-0.32700413,-0.32912305,-0.3156403,-0.3438029,-0.2885812,-0.37647325,-0.21144833,-0.7534059,-0.63880277,0.07808417,1.0166825,1.0166825,1.0167631,1.0462221,-0.54175675,-0.80343866,-0.87606674,-0.8749695,-0.038670912,-0.70501685,-0.5218447,-0.7211845,-0.71123236
276,-0.46961606425397534,1.4522083699035595e-22,0.46961606425397534,99.99999787060099,-0.27936304,-0.18288113,-0.31407133,-0.32700413,-0.32912305,-0.3156403,-0.3438029,-0.2885812,-0.37647325,-0.21144833,0.8203367,-0.6074069,1.0397809,0.5746934,0.5746934,0.57468593,-0.34906778,-0.5386614,0.48368672,0.8625314,0.8614066,0.56981134,2.5836053,-0.51866055,-0.4734185,-0.47138417
277,-0.46961606425397534,1.4532319886989585e-22,0.46961606425397534,99.99999787060099,-0.27936304,-0.18288113,-0.31407133,-0.32700413,-0.32912305,-0.3156403,-0.3438029,-0.2885812,-0.37647325,-0.21144833,0.6612493,-0.609339,0.5831479,0.5586596,0.5586596,0.5587803,-0.4470669,-0.5349966,0.48368672,0.33266288,0.33157587,0.43459305,2.5836053,-0.51854545,-0.5147128,-0.5139968
278,-0.46961606425397534,1.276941489492196e-05,0.46962883016642404,100.00271624272423,-0.27936304,-0.18288113,-0.31407133,-0.32700413,-0.32912305,-0.3156403,-0.3438029,-0.2885812,-0.37647325,-0.21144833,0.6256585,-0.60571635,0.3340754,0.48393598,0.48393598,0.48400763,-0.15647581,-0.57471997,0.66756177,0.26760972,0.26862568,0.36698392,2.5836053,-0.5191209,0.1253493,0.12397506
279,-0.26505792140960693,6.384496899178698e-16,0.26505792140960693,99.99999622723985,-0.27936304,-0.18288113,-0.31407133,-0.32700413,-0.32912305,-0.3156403,-0.3438029,-0.2885812,-0.37647325,-0.21144833,0.86765504,-0.6042673,0.20262039,0.4585238,0.4585238,0.45842743,-0.19350374,-0.58849597,0.023999084,0.7481637,0.7459979,0.09654736,0.55983776,-0.5212308,-0.53536,-0.5261718
280,-0.26505792140960693,6.384482429032517e-16,0.26505792140960693,99.99999622723985,-0.27936304,-0.18288113,-0.31407133,-0.32700413,-0.32912305,-0.3156403,-0.3438029,-0.2885812,-0.37647325,-0.21144833,0.75996506,-0.61441064,0.52087975,0.62642527,0.62642527,0.6265021,-0.37547442,-0.58822846,-0.2518135,0.19101483,0.18993798,0.09654736,0.55983776,-0.5209239,-0.5147128,-0.50669175
281,-0.31603188608206956,1.143326558854068e-21,0.31603188608206956,99.99999683576243,-0.27936304,-0.18288113,-0.31407133,-0.32700413,-0.32912305,-0.3156403,-0.3438029,-0.2885812,-0.37647325,-0.21144833,-0.527828,1.641261,-1.0565796,-1.5850322,-1.5850322,-1.5850316,1.181943,1.7339573,-0.80343866,-1.0166656,-1.0166074,-1.0528079,-0.9579878,1.9717674,-0.783126,-0.7830651
282,0.43262893312117634,0.44925814574840023,0.017145555977727853,3.9631088604549287,-0.27936304,-0.18288113,-0.31407133,-0.32700413,-0.32912305,-0.3156403,-0.3438029,-0.2885812,-0.37647325,-0.21144833,-0.29521346,-0.6089768,0.4586116,0.5353651,0.5353651,0.53549576,-0.8521992,-0.5824181,-0.2518135,0.06510554,0.06403761,0.43459305,-1.2109587,1.9717674,0.9305887,0.9226574
283,-0.330964561770944,9.504658099139502e-06,0.3309740657899894,100.00286859073604,-0.27936304,-0.18288113,-0.31407133,-0.32700413,-0.32912305,-0.3156403,-0.3438029,-0.2885812,-0.37647325,-0.21144833,-0.119911276,1.641261,-1.0565796,-1.5850322,-1.5850322,-1.5850316,1.181943,1.7339573,-0.80343866,-1.0166656,-1.0166074,-1.0528079,0.30686682,-0.52008,-0.783126,-0.7830651
284,0.9008730597355786,0.8538493537435344,0.12460964684392892,13.83209810906035,-0.27936304,-0.18288113,-0.31407133,-0.32700413,-0.32912305,-0.3156403,-0.3438029,-0.2885812,-0.37647325,-0.21144833,-0.13347453,-0.5420794,3.1776533,0.020770216,0.020770216,0.020777632,-2.555927,-0.5736487,2.2304997,1.921219,1.9210682,1.6515576,0.05389591,-0.5202718,1.0544717,1.0492778
285,-0.34974349129433724,8.803602186697604e-06,0.3497522958353454,100.00251456881276,-0.27936304,-0.18288113,-0.31407133,-0.32700413,-0.32912305,-0.3156403,-0.3438029,-0.2885812,-0.37647325,-0.21144833,-0.027722087,-0.6157389,0.5900666,0.6536525,0.6536525,0.65355796,0.35082406,-0.56075454,0.66756177,0.15114357,0.153217,1.1782936,-0.9579878,-0.5218447,-0.287594,-0.29606366
286,-0.06080468378814997,5.453270779410149e-05,0.06085921663279627,100.0896688088526,-0.27936304,-0.18288113,-0.31407133,-0.32700413,-0.32912305,-0.3156403,-0.3438029,-0.2885812,-0.37647325,-0.21144833,-0.47061765,-0.61175406,1.4825766,0.6790645,0.6790645,0.67913806,-1.8564621,-0.58368033,0.5756242,2.3146856,2.314507,0.028938225,-0.70501685,1.9717674,-0.20500538,-0.21205592
287,-0.06080468378814997,5.453270779410149e-05,0.06085921663279627,100.0896688088526,-0.27936304,-0.18288113,-0.31407133,-0.32700413,-0.32912305,-0.3156403,-0.3438029,-0.2885812,-0.37647325,-0.21144833,-0.46613058,-0.610305,1.3995522,0.65002215,0.65002215,0.6499505,-1.8142414,-0.58219165,0.5756242,1.7522907,1.7532009,0.028938225,-0.70501685,1.9717674,-0.2256525,-0.21936093
288,-0.03145800530910492,1.2908922523517201e-06,0.03145929674307505,100.00407347366811,-0.27936304,-0.18288113,-0.31407133,-0.32700413,-0.32912305,-0.3156403,-0.3438029,-0.2885812,-0.37647325,-0.21144833,-0.37526715,-0.6229841,0.14035222,0.7304938,0.7304938,0.7304623,-1.8080481,-0.57816476,0.023999084,0.12176469,0.12174196,0.36698392,-0.19907501,1.9717674,-0.060475167,-0.068390496
289,-0.4090695240918328,7.372868569693084e-32,0.4090695240918328,99.99999755542784,-0.27936304,-0.18288113,-0.31407133,-0.32700413,-0.32912305,-0.3156403,-0.3438029,-0.2885812,-0.37647325,-0.21144833,-0.27726513,-0.6113918,0.6039039,0.5816515,0.5816515,0.58173686,-0.7444597,-0.5854359,0.115936615,0.21514747,0.21616718,0.5022022,-0.9579878,-0.52149945,-0.081122346,-0.08787055
290,0.1748612657481549,0.2741212394892001,0.09925997374104518,56.764983165286424,-0.27936304,-0.18288113,-0.31407133,-0.32700413,-0.32912305,-0.3156403,-0.3438029,-0.2885812,-0.37647325,-0.21144833,-0.60533214,-0.59593534,-0.26093122,0.33116075,0.33116075,0.33101875,-0.96605784,-0.57750726,0.20787413,0.8237093,0.8246858,-0.37671658,-1.2109587,1.9717674,0.22858514,0.2372029
291,-0.21396400998620427,1.0230112603907012e-20,0.21396400998620427,99.99999532631702,-0.27936304,-0.18288113,-0.31407133,-0.32700413,-0.32912305,-0.3156403,-0.3438029,-0.2885812,-0.37647325,-0.21144833,-0.5345586,-0.6253992,-0.5861092,0.7326115,0.7326115,0.7327579,0.48439038,-0.5634987,-0.80343866,-0.45531973,-0.45530146,-0.038670912,-0.70501685,-0.5218447,-0.1843582,-0.18648835
292,3.0729107295765594,2.6697950082666733,0.40311572130988627,13.118367420116952,-0.27936304,-0.18288113,-0.31407133,-0.32700413,-0.32912305,-0.3156403,-0.3438029,-0.2885812,-0.37647325,-0.21144833,-0.527828,1.641261,-1.0565796,-1.5850322,-1.5850322,-1.5850316,1.181943,1.7339573,-0.80343866,-1.0166656,-1.0166074,-1.0528079,-1.2109587,1.9717674,-0.783126,-0.7830651
293,3.0729107295765594,2.6697950035917994,0.40311572598476036,13.118367572248744,-0.27936304,-0.18288113,-0.31407133,-0.32700413,-0.32912305,-0.3156403,-0.3438029,-0.2885812,-0.37647325,-0.21144833,-0.527828,1.641261,-1.0565796,-1.5850322,-1.5850322,-1.5850316,1.181943,1.7339573,-0.80343866,-1.0166656,-1.0166074,-1.0528079,-1.2109587,1.9717674,-0.783126,-0.7830651
294,-0.09936803418631647,2.621845842131667e-07,0.09936829583317626,100.00025324727065,-0.27936304,-0.18288113,-0.31407133,-0.32700413,-0.32912305,-0.3156403,-0.3438029,-0.2885812,-0.37647325,-0.21144833,-0.527828,1.641261,-1.0565796,-1.5850322,-1.5850322,-1.5850316,1.181943,1.7339573,-0.80343866,-1.0166656,-1.0166074,-1.0528079,-1.2109587,1.9717674,-0.783126,-0.7830651
295,-0.09936803418631647,2.621845842131667e-07,0.09936829583317626,100.00025324727065,-0.27936304,-0.18288113,-0.31407133,-0.32700413,-0.32912305,-0.3156403,-0.3438029,-0.2885812,-0.37647325,-0.21144833,-0.527828,1.641261,-1.0565796,-1.5850322,-1.5850322,-1.5850316,1.181943,1.7339573,-0.80343866,-1.0166656,-1.0166074,-1.0528079,-1.2109587,1.9717674,-0.783126,-0.7830651
296,-0.36481594922495825,1.3085574727144786e-05,0.36482904004115685,100.00358559319235,-0.27936304,-0.18288113,-0.31407133,-0.32700413,-0.32912305,-0.3156403,-0.3438029,-0.2885812,-0.37647325,-0.21144833,0.3102369,-0.6396481,-0.63454,0.99550563,0.99550563,0.99544626,-0.4877135,-0.502337,-0.80343866,-0.7249756,-0.72283983,0.36698392,1.0657796,-0.5207705,-0.32888836,-0.33137128
297,-0.42881325413199034,1.554068760514401e-05,0.42882878932298396,100.00362050157779,-0.27936304,-0.18288113,-0.31407133,-0.32700413,-0.32912305,-0.3156403,-0.3438029,-0.2885812,-0.37647325,-0.21144833,3.9421232,-0.53906053,2.126014,-0.09449181,-0.09449181,-0.094332986,-1.470283,-0.5223747,2.5982497,1.4007937,1.4017292,1.6515576,0.55983776,-0.52034855,1.6945338,1.6945547
298,-0.38398051904697045,3.7622057432457166e-06,0.3839842869954951,100.00097868205296,-0.27936304,-0.18288113,-0.31407133,-0.32700413,-0.32912305,-0.3156403,-0.3438029,-0.2885812,-0.37647325,-0.21144833,0.19969143,-0.6276935,0.3133193,0.8224613,0.8224613,0.8226164,0.29413563,-0.5880915,-0.15987597,0.14065109,0.14272532,0.43459305,0.05389591,-0.5201567,-0.1843582,-0.19257586
299,0.07972833572649489,0.024997343838799233,0.05473099174160583,68.64684227784991,-0.27936304,-0.18288113,-0.31407133,-0.32700413,-0.32912305,-0.3156403,-0.3438029,-0.2885812,-0.37647325,-0.21144833,-0.7317863,1.641261,-1.0565796,-1.5850322,-1.5850322,-1.5850316,1.181943,1.7339573,-0.80343866,-1.0166656,-1.0166074,-1.0528079,-0.9579878,1.9717674,-0.783126,-0.7830651
300,-0.14750231802463531,1.7547579709929567e-23,0.14750231802463531,99.99999322044599,-0.27936304,-0.18288113,-0.31407133,-0.32700413,-0.32912305,-0.3156403,-0.3438029,-0.2885812,-0.37647325,-0.21144833,-0.013139062,-0.63010854,-0.06028953,0.8381927,0.8381927,0.83835804,0.19791506,-0.5447401,-0.7115011,-0.5088312,-0.50776,0.1641565,0.30686682,-0.521346,-0.16371101,-0.15605076
301,-0.14750231802463531,1.7547595648193798e-23,0.14750231802463531,99.99999322044599,-0.27936304,-0.18288113,-0.31407133,-0.32700413,-0.32912305,-0.3156403,-0.3438029,-0.2885812,-0.37647325,-0.21144833,-0.18426012,-0.62551993,0.12651494,0.77042705,0.77042705,0.7703084,0.16710372,-0.5364128,-0.343751,-0.28429294,-0.28218845,-0.10628005,0.30686682,-0.521346,-0.2256525,-0.23153597
302,-0.00024258869234472513,1.3542356403680362e-06,0.00024394292753034583,100.55409828166368,-0.27936304,-0.18288113,-0.31407133,-0.32700413,-0.32912305,-0.3156403,-0.3438029,-0.2885812,-0.37647325,-0.21144833,-0.119911276,1.641261,-1.0565796,-1.5850322,-1.5850322,-1.5850316,0.9786166,1.7339573,-0.80343866,-1.0166656,-1.0166074,-1.0528079,2.836576,-0.5195429,-0.783126,-0.7830651
303,-0.00024258869234472513,1.3542420068309486e-06,0.00024394292753034583,100.55409828166368,-0.27936304,-0.18288113,-0.31407133,-0.32700413,-0.32912305,-0.3156403,-0.3438029,-0.2885812,-0.37647325,-0.21144833,-0.119911276,1.641261,-1.0565796,-1.5850322,-1.5850322,-1.5850316,0.9451813,1.7339573,-0.80343866,-1.0166656,-1.0166074,-1.0528079,2.5836053,-0.51965797,-0.783126,-0.7830651
304,-0.12929247348916298,1.6359190777625283e-09,0.12929247348916298,99.99999226559834,-0.27936304,-0.18288113,-0.31407133,-0.32700413,-0.32912305,-0.3156403,-0.3438029,-0.2885812,-0.37647325,-0.21144833,0.07446101,-0.60764843,0.6454161,0.53294504,0.53294504,0.5330361,-1.133654,-0.5843476,0.7594993,0.09973057,0.10075849,1.3135118,-0.70501685,1.9717674,0.70346993,0.7071593
305,-0.12929247348916298,1.6360334612107752e-09,0.12929247348916298,99.99999226559834,-0.27936304,-0.18288113,-0.31407133,-0.32700413,-0.32912305,-0.3156403,-0.3438029,-0.2885812,-0.37647325,-0.21144833,0.02010617,-0.6165842,0.5485544,0.6530474,0.6530474,0.65290207,-1.0204117,-0.5850252,0.85143685,0.34000757,0.34206763,1.3135118,-0.70501685,1.9717674,0.70346993,0.71324676
306,0.4042322214911966,0.3797029426284865,0.025107436904720233,6.21114175188354,-0.27936304,-0.18288113,-0.31407133,-0.32700413,-0.32912305,-0.3156403,-0.3438029,-0.2885812,-0.37647325,-0.21144833,-0.119911276,1.641261,-1.0565796,-1.5850322,-1.5850322,-1.5850316,0.9621914,1.7339573,-0.80343866,-1.0166656,-1.0166074,-1.0528079,1.5717214,-0.5191209,-0.783126,-0.7830651
307,0.4042322214911966,0.37969668589386285,0.025113344192504883,6.212603111796097,-0.27936304,-0.18288113,-0.31407133,-0.32700413,-0.32912305,-0.3156403,-0.3438029,-0.2885812,-0.37647325,-0.21144833,-0.119911276,1.641261,-1.0565796,-1.5850322,-1.5850322,-1.5850316,0.82787526,1.7339573,-0.80343866,-1.0166656,-1.0166074,-1.0528079,1.5717214,-0.51938945,-0.783126,-0.7830651
308,-0.2728048533785577,1.2260381067961096e-16,0.2728048533785577,99.9999963343762,-0.27936304,-0.18288113,-0.31407133,-0.32700413,-0.32912305,-0.3156403,-0.3438029,-0.2885812,-0.37647325,-0.21144833,0.2491514,-0.6106673,0.14727092,0.5414157,0.5414157,0.54123497,-1.4243059,-0.59024596,0.48368672,0.07245022,0.0745293,1.7867758,-0.19907501,-0.5218447,-0.060475167,-0.06473798
309,-0.3243108122956519,4.553200336636555e-05,0.3243563490755418,100.01403800821929,-0.27936304,-0.18288113,-0.31407133,-0.32700413,-0.32912305,-0.3156403,-0.3438029,-0.2885812,-0.37647325,-0.21144833,-0.3582366,-0.6028183,0.50704235,0.45973393,0.45973393,0.45973927,-1.0929453,-0.568687,0.115936615,0.41870096,0.42075533,0.23176563,0.8128087,-0.5191209,-0.32888836,-0.33137128
310,-0.12214839195503908,4.658905231578127e-12,0.12214839195503908,99.99999181323714,-0.27936304,-0.18288113,-0.31407133,-0.32700413,-0.32912305,-0.3156403,-0.3438029,-0.2885812,-0.37647325,-0.21144833,-0.32519537,-0.6292633,0.28564462,0.8478735,0.8478735,0.8477046,0.4215685,-0.53934455,-0.06793844,0.06300702,0.06403761,0.56981134,-0.70501685,-0.520502,-0.2256525,-0.23518848
311,-0.07962820109199076,1.4498564717742656e-11,0.07962820109199076,99.99998744163675,-0.27936304,-0.18288113,-0.31407133,-0.32700413,-0.32912305,-0.3156403,-0.3438029,-0.2885812,-0.37647325,-0.21144833,-0.29653922,-0.6161012,0.4309369,0.63731617,0.63731617,0.6371605,-0.32485855,-0.5243329,-0.06793844,-0.3084255,-0.30841768,0.5022022,-0.70501685,-0.5218447,-0.26694685,-0.26197356
312,-0.07962820109199076,1.4498564717742656e-11,0.07962820109199076,99.99998744163675,-0.27936304,-0.18288113,-0.31407133,-0.32700413,-0.32912305,-0.3156403,-0.3438029,-0.2885812,-0.37647325,-0.21144833,-0.17375627,-0.6127201,0.4447742,0.5931474,0.5931474,0.59321505,-0.34282517,-0.57410914,0.29981166,-0.05450832,-0.05661691,0.77263874,-0.70501685,1.9717674,-0.287594,-0.29241115
313,-0.4089272618293762,4.724700586296675e-21,0.4089272618293762,99.99999755457738,-0.27936304,-0.18288113,-0.31407133,-0.32700413,-0.32912305,-0.3156403,-0.3438029,-0.2885812,-0.37647325,-0.21144833,0.7420168,-0.5751658,2.2574687,0.26611793,0.26611793,0.26608452,-1.4520994,-0.57900107,2.0466247,1.2329146,1.2338619,2.2600398,-1.2109587,-0.51938945,1.4880623,1.494884
314,-0.4089272618293762,4.726076520086162e-21,0.4089272618293762,99.99999755457738,-0.27936304,-0.18288113,-0.31407133,-0.32700413,-0.32912305,-0.3156403,-0.3438029,-0.2885812,-0.37647325,-0.21144833,0.66471654,-0.584343,2.0014775,0.34295937,0.34295937,0.3429889,-1.5064374,-0.58263963,1.8627496,0.633796,0.6358352,2.2600398,-1.2109587,-0.51938945,1.4054735,1.4096588
315,-0.12214839195503908,4.658261385558599e-12,0.12214839195503908,99.99999181323714,-0.27936304,-0.18288113,-0.31407133,-0.32700413,-0.32912305,-0.3156403,-0.3438029,-0.2885812,-0.37647325,-0.21144833,-0.23647347,-0.63107455,0.12651494,0.87177294,0.87177294,0.87180895,0.4370131,-0.5098133,-0.43568856,-0.6746118,-0.6756271,0.84024787,-0.70501685,-0.5204252,-0.34953552,-0.3411113
316,-0.143355533865842,0.00016404201725141748,0.1462391540294002,102.01150934647968,-0.27936304,-0.18288113,-0.31407133,-0.32700413,-0.32912305,-0.3156403,-0.3438029,-0.2885812,-0.37647325,-0.21144833,-0.894953,-0.6530517,-1.0565796,1.2889549,1.2889549,1.2889619,1.1130843,-0.593938,-0.43568856,3.0050886,3.006959,-0.84998053,-0.19907501,-0.5208089,-0.7005373,-0.69418734
317,0.3109092139730267,0.29554926005064275,0.018583512189341525,5.97715048523416,-0.27936304,-0.18288113,-0.31407133,-0.32700413,-0.32912305,-0.3156403,-0.3438029,-0.2885812,-0.37647325,-0.21144833,0.08404708,1.641261,-1.0565796,-1.5850322,-1.5850322,-1.5850316,1.181943,1.7339573,-0.80343866,-1.0166656,-1.0166074,-1.0528079,0.55983776,-0.48486248,-0.783126,-0.7830651
318,0.571110725402832,0.5423985556060192,0.03836801005344765,6.718138475611885,-0.27936304,-0.18288113,-0.31407133,-0.32700413,-0.32912305,-0.3156403,-0.3438029,-0.2885812,-0.37647325,-0.21144833,-0.527828,1.641261,-1.0565796,-1.5850322,-1.5850322,-1.5850316,0.84029007,1.7339573,-0.80343866,-1.0166656,-1.0166074,-1.0528079,0.05389591,-0.51946616,-0.783126,-0.7830651
319,0.571110725402832,0.542398332380781,0.03836811406939637,6.718156688533177,-0.27936304,-0.18288113,-0.31407133,-0.32700413,-0.32912305,-0.3156403,-0.3438029,-0.2885812,-0.37647325,-0.21144833,-0.527828,1.641261,-1.0565796,-1.5850322,-1.5850322,-1.5850316,0.86514425,1.7339573,-0.80343866,-1.0166656,-1.0166074,-1.0528079,0.05389591,-0.51946616,-0.783126,-0.7830651
320,-0.29774950824531854,2.674976577491536e-05,0.2977762572905597,100.00898038236929,-0.27936304,-0.18288113,-0.31407133,-0.32700413,-0.32912305,-0.3156403,-0.3438029,-0.2885812,-0.37647325,-0.21144833,-0.32386962,1.641261,-1.0565796,-1.5850322,-1.5850322,-1.5850316,1.181943,1.7339573,-0.80343866,-1.0166656,-1.0166074,-1.0528079,-0.9579878,1.9717674,-0.783126,-0.7830651
321,-0.07293189054026324,7.359782076117185e-06,0.0729392499608152,100.0100771000036,-0.27936304,-0.18288113,-0.31407133,-0.32700413,-0.32912305,-0.3156403,-0.3438029,-0.2885812,-0.37647325,-0.21144833,-0.32386962,1.641261,-1.0565796,-1.5850322,-1.5850322,-1.5850316,1.181943,1.7339573,-0.80343866,-1.0166656,-1.0166074,-1.0528079,-0.45204595,-0.46744555,-0.783126,-0.7830651
322,0.06744733618974101,0.010904013927952916,0.05989577550002757,88.80375416332977,-0.27936304,-0.18288113,-0.31407133,-0.32700413,-0.32912305,-0.3156403,-0.3438029,-0.2885812,-0.37647325,-0.21144833,-0.527828,1.641261,-1.0565796,-1.5850322,-1.5850322,-1.5850316,1.181943,1.7339573,-0.80343866,-1.0166656,-1.0166074,-1.0528079,-1.2109587,-0.48010543,-0.783126,-0.7830651
323,0.1773706949224659,0.14342575271924338,0.033951161538853365,19.141357956317783,-0.27936304,-0.18288113,-0.31407133,-0.32700413,-0.32912305,-0.3156403,-0.3438029,-0.2885812,-0.37647325,-0.21144833,-0.527828,1.641261,-1.0565796,-1.5850322,-1.5850322,-1.5850316,1.181943,1.7339573,-0.80343866,-1.0166656,-1.0166074,-1.0528079,0.05389591,-0.47542515,-0.783126,-0.7830651
324,0.1773706949224659,0.143425835406079,0.03395108294253256,19.141313644422624,-0.27936304,-0.18288113,-0.31407133,-0.32700413,-0.32912305,-0.3156403,-0.3438029,-0.2885812,-0.37647325,-0.21144833,-0.527828,1.641261,-1.0565796,-1.5850322,-1.5850322,-1.5850316,1.181943,1.7339573,-0.80343866,-1.0166656,-1.0166074,-1.0528079,0.05389591,-0.47588548,-0.783126,-0.7830651
325,0.07925509661436081,5.078032219729471e-07,0.07925458968270059,99.99934776233066,-0.27936304,-0.18288113,-0.31407133,-0.32700413,-0.32912305,-0.3156403,-0.3438029,-0.2885812,-0.37647325,-0.21144833,0.8417524,-0.62129354,0.38942486,0.72141796,0.72141796,0.7214437,-0.11893863,-0.58426666,0.023999084,0.5551027,0.5571474,0.43459305,2.3306344,-0.52000326,0.86864734,0.8776097
326,-0.3092178714041616,1.5441189731498897e-24,0.3092178714041616,99.99999676603437,-0.27936304,-0.18288113,-0.31407133,-0.32700413,-0.32912305,-0.3156403,-0.3438029,-0.2885812,-0.37647325,-0.21144833,-0.7718642,-0.61211634,-0.5999466,0.52840716,0.52840716,0.5284448,-0.26776448,-0.5902693,-0.5276261,0.027332727,0.027316634,-0.7147623,-0.9579878,1.9717674,-0.6385958,-0.64305216
327,-0.3092178714041616,1.5441003131092125e-24,0.3092178714041616,99.99999676603437,-0.27936304,-0.18288113,-0.31407133,-0.32700413,-0.32912305,-0.3156403,-0.3438029,-0.2885812,-0.37647325,-0.21144833,-0.77217007,-0.61235785,-1.0219862,0.52689445,0.52689445,0.5268051,-0.37031102,-0.5905407,-0.80343866,-0.21294427,-0.21399242,-0.7147623,-0.9579878,1.9717674,-0.65924305,-0.66374975
328,-0.4071405529975891,3.465121001985002e-06,0.40714402000109357,100.00084909336447,-0.27936304,-0.18288113,-0.31407133,-0.32700413,-0.32912305,-0.3156403,-0.3438029,-0.2885812,-0.37647325,-0.21144833,-0.56892556,-0.6129616,0.7561149,0.6143242,0.6143242,0.61420393,-1.0626563,-0.58837914,-0.15987597,0.019988047,0.022070793,0.7050296,-0.19907501,-0.51712596,0.39376247,0.38452083
329,-0.2527318164414051,5.536664042287953e-10,0.2527318164414051,99.99999604323676,-0.27936304,-0.18288113,-0.31407133,-0.32700413,-0.32912305,-0.3156403,-0.3438029,-0.2885812,-0.37647325,-0.21144833,0.12157542,-0.60692394,0.5277985,0.51418847,0.51418847,0.51434296,-0.857191,-0.5916183,0.5756242,0.46171996,0.46272215,0.56981134,1.3187505,-0.5207321,0.1253493,0.12519257
330,-0.05072774080669179,0.0003080029076526818,0.051035743571963964,100.60714847469947,-0.27936304,-0.18288113,-0.31407133,-0.32700413,-0.32912305,-0.3156403,-0.3438029,-0.2885812,-0.37647325,-0.21144833,5.178723,-0.56212443,1.7247304,0.090955935,0.090955935,0.09095901,-2.3331432,-0.58356535,3.7015002,2.4720724,2.4718823,2.7333038,1.0657796,-0.5211157,3.717956,3.711958
331,-0.4601307213306427,7.145273398210235e-32,0.4601307213306427,99.9999978267046,-0.27936304,-0.18288113,-0.31407133,-0.32700413,-0.32912305,-0.3156403,-0.3438029,-0.2885812,-0.37647325,-0.21144833,-0.14030711,-0.5994372,0.4309369,0.40769964,0.40769964,0.40775913,-0.8145784,-0.587753,0.66756177,0.6904552,0.6882936,0.7050296,0.55983776,-0.5206554,0.18729079,0.18728524
332,-0.4601307213306427,7.145528891043052e-32,0.4601307213306427,99.9999978267046,-0.27936304,-0.18288113,-0.31407133,-0.32700413,-0.32912305,-0.3156403,-0.3438029,-0.2885812,-0.37647325,-0.21144833,-0.13918532,-0.59907496,0.7699523,0.42645624,0.42645624,0.42661625,-0.91875106,-0.5914919,0.66756177,0.95066786,0.9505862,0.7050296,0.30686682,-0.5203869,-0.14306384,-0.14509322
333,-0.46869756544337554,1.2271743834585946e-05,0.4687098340660918,100.00261546535731,-0.27936304,-0.18288113,-0.31407133,-0.32700413,-0.32912305,-0.3156403,-0.3438029,-0.2885812,-0.37647325,-0.21144833,1.3547077,-0.60945976,0.7630337,0.56985307,0.56985307,0.5699306,-1.9032805,-0.5720368,2.0466247,0.68311054,0.68304783,2.5980856,0.05389591,-0.5212692,0.76541144,0.76925194
334,-0.46460725454723134,2.572692580418102e-06,0.4646098251436271,100.00055113137292,-0.27936304,-0.18288113,-0.31407133,-0.32700413,-0.32912305,-0.3156403,-0.3438029,-0.2885812,-0.37647325,-0.21144833,1.3203406,-0.5956939,1.2957721,0.42766637,0.42766637,0.42760018,-1.2017039,-0.5885157,2.1385622,1.3210512,1.3230413,2.2600398,0.05389591,-0.5214227,1.6945338,1.6896846
335,-0.26505792140960693,9.951161337085068e-05,0.26515743136405945,100.03753894626861,-0.27936304,-0.18288113,-0.31407133,-0.32700413,-0.32912305,-0.3156403,-0.3438029,-0.2885812,-0.37647325,-0.21144833,-0.59829557,-0.6489461,-1.0565796,1.1897266,1.1897266,1.189593,1.1520137,-0.5937564,-0.80343866,-0.9694495,-0.9693947,-0.84998053,0.30686682,-0.51904416,-0.74183166,-0.7343649
336,0.02825349646017832,0.007728386067730539,0.020525110410709008,72.64624105909814,-0.27936304,-0.18288113,-0.31407133,-0.32700413,-0.32912305,-0.3156403,-0.3438029,-0.2885812,-0.37647325,-0.21144833,0.8982488,-0.5927958,0.4378556,0.3366062,0.3366062,0.3365939,-0.260111,-0.5804268,1.0353119,1.1479259,1.1499283,0.5022022,0.05389591,-0.5217295,0.72411716,0.7144643
337,0.0505476515082752,0.00674858408713426,0.10586654906179391,209.43906385157382,-0.27936304,-0.18288113,-0.31407133,-0.32700413,-0.32912305,-0.3156403,-0.3438029,-0.2885812,-0.37647325,-0.21144833,-0.527828,1.641261,-1.0565796,-1.5850322,-1.5850322,-1.5850316,1.0060104,1.7339573,-0.80343866,-1.0166656,-1.0166074,-1.0528079,-0.9579878,1.9717674,-0.783126,-0.7830651
338,-0.3693271425424838,1.7875072141274966e-05,0.3693450192610423,100.00483764013437,-0.27936304,-0.18288113,-0.31407133,-0.32700413,-0.32912305,-0.3156403,-0.3438029,-0.2885812,-0.37647325,-0.21144833,-0.8027638,-0.6163427,0.34791267,0.63792115,0.63792115,0.6379803,0.5131618,-0.58865595,-0.6195636,0.51418215,0.51518065,-0.7823714,1.5717214,-0.5193127,-0.65924305,-0.6527922
339,0.17317798529185502,0.1225198405046089,0.05143245587161943,29.699186542112848,-0.27936304,-0.18288113,-0.31407133,-0.32700413,-0.32912305,-0.3156403,-0.3438029,-0.2885812,-0.37647325,-0.21144833,-0.527828,1.641261,-1.0565796,-1.5850322,-1.5850322,-1.5850316,1.181943,1.7339573,-0.80343866,-1.0166656,-1.0166074,-1.0528079,-1.2109587,1.9717674,-0.783126,-0.7830651
340,-0.3693271425424838,2.9859290425163492e-05,0.3693570003790014,100.00808167943032,-0.27936304,-0.18288113,-0.31407133,-0.32700413,-0.32912305,-0.3156403,-0.3438029,-0.2885812,-0.37647325,-0.21144833,-0.89464706,-0.6519649,-1.0565796,1.2629378,1.2629378,1.2628899,0.95967,-0.5939647,-0.80343866,-1.0051239,-1.0061157,-0.98519886,1.8246924,-0.52061707,-0.783126,-0.77941257
341,-0.1714937806713815,4.043495061110169e-09,0.17149378417753705,99.99999621336468,-0.27936304,-0.18288113,-0.31407133,-0.32700413,-0.32912305,-0.3156403,-0.3438029,-0.2885812,-0.37647325,-0.21144833,-0.7537119,-0.6391651,-0.48232907,0.9906653,0.9906653,0.990855,1.0184215,-0.58225,-0.80343866,-0.7963242,-0.79628164,-0.579544,0.30686682,-0.5218447,-0.6385958,-0.63087714
342,-0.20018362239295362,0.0001327121378077815,0.20031633593288123,100.06629090417698,-0.27936304,-0.18288113,-0.31407133,-0.32700413,-0.32912305,-0.3156403,-0.3438029,-0.2885812,-0.37647325,-0.21144833,-0.4047391,-0.5641773,1.122805,0.065241374,0.065241374,0.06521489,-0.19532464,-0.5879131,0.29981166,2.6168683,2.6187663,-0.10628005,-0.70501685,-0.5218447,-0.7211845,-0.7234074
343,-0.20058995280780045,0.00014010766622674304,0.20073006024547652,100.06984269587322,-0.27936304,-0.18288113,-0.31407133,-0.32700413,-0.32912305,-0.3156403,-0.3438029,-0.2885812,-0.37647325,-0.21144833,-0.527828,1.641261,-1.0565796,-1.5850322,-1.5850322,-1.5850316,1.181943,1.7339573,-0.80343866,-1.0166656,-1.0166074,-1.0528079,-1.2109587,1.9717674,-0.783126,-0.7830651
344,-0.4067134442282658,1.7385466446591135e-29,0.4067134442282658,99.99999754126648,-0.27936304,-0.18288113,-0.31407133,-0.32700413,-0.32912305,-0.3156403,-0.3438029,-0.2885812,-0.37647325,-0.21144833,-0.527828,1.641261,-1.0565796,-1.5850322,-1.5850322,-1.5850316,1.181943,1.7339573,-0.80343866,-1.0166656,-1.0166074,-1.0528079,-0.19907501,-0.4663714,-0.783126,-0.7830651
345,0.21953383292637618,0.19762781466923507,0.02687358622457467,12.241204301965922,-0.27936304,-0.18288113,-0.31407133,-0.32700413,-0.32912305,-0.3156403,-0.3438029,-0.2885812,-0.37647325,-0.21144833,-0.527828,1.641261,-1.0565796,-1.5850322,-1.5850322,-1.5850316,1.181943,1.7339573,-0.80343866,-1.0166656,-1.0166074,-1.0528079,-0.9579878,-0.5218447,-0.783126,-0.7830651
346,-0.29558609659765284,6.374975147956124e-05,0.29564984727139565,100.02156416432304,-0.27936304,-0.18288113,-0.31407133,-0.32700413,-0.32912305,-0.3156403,-0.3438029,-0.2885812,-0.37647325,-0.21144833,0.358677,-0.6141691,0.5831479,0.6212822,0.6212822,0.6214188,-1.1619828,-0.5696093,0.115936615,0.18786712,0.18993798,1.0430753,-0.45204595,-0.5208472,0.4144096,0.41861093
347,-0.34974349129433724,6.083367702112632e-06,0.3497495703837451,100.00173529726368,-0.27936304,-0.18288113,-0.31407133,-0.32700413,-0.32912305,-0.3156403,-0.3438029,-0.2885812,-0.37647325,-0.21144833,-0.22301222,-0.61151254,0.62465996,0.5877019,0.5877019,0.5876399,-0.15029718,-0.5637352,0.48368672,0.6768151,0.6778019,0.6374205,-0.45204595,-0.5218447,0.5382926,0.5476663
348,-0.241147980093956,1.8013284359624902e-05,0.24116599384476156,100.00746585148752,-0.27936304,-0.18288113,-0.31407133,-0.32700413,-0.32912305,-0.3156403,-0.3438029,-0.2885812,-0.37647325,-0.21144833,-0.34926245,-0.6001618,0.8806512,0.4539859,0.4539859,0.45416415,-1.3769352,-0.570214,0.29981166,0.5645459,0.56239325,0.23176563,-0.45204595,-0.5197347,-0.45277134,-0.45433912
349,-0.05706714531954597,1.3605351182635552e-12,0.05706714531954597,99.99998247678556,-0.27936304,-0.18288113,-0.31407133,-0.32700413,-0.32912305,-0.3156403,-0.3438029,-0.2885812,-0.37647325,-0.21144833,-0.119911276,1.641261,-1.0565796,-1.5850322,-1.5850322,-1.5850316,1.181943,1.7339573,-0.80343866,-1.0166656,-1.0166074,-1.0528079,1.5717214,-0.51823854,-0.783126,-0.7830651
350,0.3012920474889232,0.24777653959451937,0.05679416305878583,18.850202535084694,-0.27936304,-0.18288113,-0.31407133,-0.32700413,-0.32912305,-0.3156403,-0.3438029,-0.2885812,-0.37647325,-0.21144833,0.666858,-0.62551993,-0.2401752,0.7510655,0.7510655,0.7511232,-1.1936394,-0.590936,0.29981166,-0.1825162,-0.18251728,1.0430753,0.30686682,-0.5214227,1.2196492,1.2136407
351,-0.4030307163210476,9.069631892534922e-06,0.4030397820706461,100.00224691295405,-0.27936304,-0.18288113,-0.31407133,-0.32700413,-0.32912305,-0.3156403,-0.3438029,-0.2885812,-0.37647325,-0.21144833,0.85103256,-0.60849375,0.929082,0.5789287,0.5789287,0.5791132,-0.24794693,-0.5865722,1.0353119,0.91814137,0.91911095,1.0430753,0.8128087,-0.5204636,0.8273529,0.8264746
352,-0.33225902915000916,1.1666027897744617e-05,0.33227069237652945,100.00350727148015,-0.27936304,-0.18288113,-0.31407133,-0.32700413,-0.32912305,-0.3156403,-0.3438029,-0.2885812,-0.37647325,-0.21144833,-0.713838,-0.62781423,-0.81442577,0.76830935,0.76830935,0.7681766,0.65358317,-0.58224636,-0.80343866,-0.57073665,-0.5707101,-0.7147623,0.55983776,-0.5197347,-0.1843582,-0.18283583
353,-0.3795744981251511,3.416756805413007e-20,0.3795744981251511,99.99999736547113,-0.27936304,-0.18288113,-0.31407133,-0.32700413,-0.32912305,-0.3156403,-0.3438029,-0.2885812,-0.37647325,-0.21144833,3.0643883,-0.584343,0.9982687,0.25915995,0.25915995,0.2591976,-1.8298063,-0.5882539,2.1385622,1.3472823,1.3492707,2.2600398,0.30686682,-0.5218447,0.18729079,0.18850274
354,-0.33225902915000916,5.257763252211617e-16,0.33225902915000916,99.99999699030009,-0.27936304,-0.18288113,-0.31407133,-0.32700413,-0.32912305,-0.3156403,-0.3438029,-0.2885812,-0.37647325,-0.21144833,0.097304404,-0.59653914,0.5139611,0.37623706,0.37623706,0.37627587,-0.8260239,-0.5552062,0.20787413,0.53516704,0.53616405,0.43459305,0.55983776,-0.52034855,-0.32888836,-0.33380628
355,-0.31415729137027965,1.6980459767675705e-13,0.31415729137027965,99.99999681688124,-0.27936304,-0.18288113,-0.31407133,-0.32700413,-0.32912305,-0.3156403,-0.3438029,-0.2885812,-0.37647325,-0.21144833,0.1567582,-0.58349776,2.88015,0.41949812,0.41949812,0.4194014,-1.4833738,-0.58921754,0.94337434,0.69570154,0.6935395,1.1782936,-0.9579878,-0.5205786,1.1783547,1.1783332
356,-0.31415729137027965,1.6975575290733954e-13,0.31415729137027965,99.99999681688124,-0.27936304,-0.18288113,-0.31407133,-0.32700413,-0.32912305,-0.3156403,-0.3438029,-0.2885812,-0.37647325,-0.21144833,0.045498963,-0.5801167,2.1952007,0.308169,0.308169,0.30822617,-1.4463001,-0.5894479,0.85143685,0.51313287,0.51518065,0.907857,-0.9579878,-0.5205786,1.4880623,1.4973191
357,0.3344708106973592,0.2893880078313397,0.16641721480032978,49.75537610526267,-0.27936304,-0.18288113,-0.31407133,-0.32700413,-0.32912305,-0.3156403,-0.3438029,-0.2885812,-0.37647325,-0.21144833,-0.8527336,-0.65099883,-1.0565796,1.2369206,1.2369206,1.2369817,1.1578447,-0.59396845,-0.80343866,-1.0124686,-1.0113615,-0.84998053,-0.70501685,-0.51881397,-0.783126,-0.7830651
358,0.31412655027473674,0.2893884617323969,0.15256000441663406,48.566413576491044,-0.27936304,-0.18288113,-0.31407133,-0.32700413,-0.32912305,-0.3156403,-0.3438029,-0.2885812,-0.37647325,-0.21144833,-0.527828,1.641261,-1.0565796,-1.5850322,-1.5850322,-1.5850316,1.1544045,1.7339573,-0.80343866,-1.0166656,-1.0166074,-1.0528079,-0.70501685,-0.5189674,-0.783126,-0.7830651
359,-0.38484907325576334,1.6218709295832122e-34,0.38484907325576334,99.99999740157884,-0.27936304,-0.18288113,-0.31407133,-0.32700413,-0.32912305,-0.3156403,-0.3438029,-0.2885812,-0.37647325,-0.21144833,0.075990714,-0.6276935,0.057328086,0.8040073,0.8040073,0.80392325,-0.35241824,-0.5924332,0.115936615,-0.39131585,-0.39235127,1.6515576,-0.70501685,-0.51923597,2.1694186,2.1608584
360,-0.38484907325576334,1.6218709295832122e-34,0.38484907325576334,99.99999740157884,-0.27936304,-0.18288113,-0.31407133,-0.32700413,-0.32912305,-0.3156403,-0.3438029,-0.2885812,-0.37647325,-0.21144833,0.037646525,-0.63324815,-0.039533444,0.90051275,0.90051275,0.90050465,-0.5120864,-0.5922973,0.115936615,-0.0387697,-0.040879387,1.6515576,-0.70501685,-0.51923597,2.2933018,2.302089
361,-0.11486363410949707,8.069236181201484e-09,0.11486364345924527,99.99999943389241,-0.27936304,-0.18288113,-0.31407133,-0.32700413,-0.32912305,-0.3156403,-0.3438029,-0.2885812,-0.37647325,-0.21144833,0.18215108,-0.5900185,0.9982687,0.33206847,0.33206847,0.33216655,-0.79150677,-0.5878877,2.1385622,0.69570154,0.6935395,1.3135118,0.8128087,-0.5210774,1.7564752,1.7529948
362,0.3686658611484602,0.4136827214091432,0.05657475865354725,15.34580851688461,-0.27936304,-0.18288113,-0.31407133,-0.32700413,-0.32912305,-0.3156403,-0.3438029,-0.2885812,-0.37647325,-0.21144833,-0.46725237,-0.56043386,0.5001237,0.010181889,0.010181889,0.009955255,-1.3603551,-0.58997554,0.3917492,1.9254161,1.9263141,-0.24149832,-1.2109587,1.9717674,0.14599642,0.14832513
363,-0.3545747153899249,5.82391993087288e-11,0.3545747153899249,99.99999717972003,-0.27936304,-0.18288113,-0.31407133,-0.32700413,-0.32912305,-0.3156403,-0.3438029,-0.2885812,-0.37647325,-0.21144833,-0.122154824,-0.6077692,0.6039039,0.5323399,0.5323399,0.5325442,-0.846178,-0.51589805,0.66756177,-0.048212904,-0.04612523,0.84024787,1.3187505,-0.5190825,0.39376247,0.38817334
364,0.17317798529185502,0.12220999131015703,0.05171285569667816,29.861100776416222,-0.27936304,-0.18288113,-0.31407133,-0.32700413,-0.32912305,-0.3156403,-0.3438029,-0.2885812,-0.37647325,-0.21144833,-0.527828,1.641261,-1.0565796,-1.5850322,-1.5850322,-1.5850316,1.181943,1.7339573,-0.80343866,-1.0166656,-1.0166074,-1.0528079,-0.70501685,1.9717674,-0.783126,-0.7830651
365,-0.20847561955451965,0.0001391354181025378,0.20861475666364035,100.06673543061989,-0.27936304,-0.18288113,-0.31407133,-0.32700413,-0.32912305,-0.3156403,-0.3438029,-0.2885812,-0.37647325,-0.21144833,-0.7317863,1.641261,-1.0565796,-1.5850322,-1.5850322,-1.5850316,1.181943,1.7339573,-0.80343866,-1.0166656,-1.0166074,-1.0528079,-0.9579878,1.9717674,-0.783126,-0.7830651
366,0.15074841415180879,0.11313913645697575,0.03818357955006992,25.329339105805687,-0.27936304,-0.18288113,-0.31407133,-0.32700413,-0.32912305,-0.3156403,-0.3438029,-0.2885812,-0.37647325,-0.21144833,-0.6619306,-0.63868207,-0.7521576,0.97190875,0.97190875,0.9719978,0.4439489,-0.59042597,-0.80343866,-0.7606499,-0.7595607,-0.30910745,-1.2109587,1.9717674,-0.61794865,-0.6272246
367,0.15074841415180879,0.11313913558043685,0.038183581010968075,25.329340074902483,-0.27936304,-0.18288113,-0.31407133,-0.32700413,-0.32912305,-0.3156403,-0.3438029,-0.2885812,-0.37647325,-0.21144833,-0.66417414,-0.6397688,-0.55843455,1.000951,1.000951,1.0010215,0.4743284,-0.5911776,-0.80343866,-0.6599224,-0.65988964,-0.30910745,-1.2109587,1.9717674,-0.65924305,-0.66009724
368,-0.09733418141509972,0.00048388243086782155,0.09781806360857159,100.4971245832909,-0.27936304,-0.18288113,-0.31407133,-0.32700413,-0.32912305,-0.3156403,-0.3438029,-0.2885812,-0.37647325,-0.21144833,-0.60492426,-0.61054647,0.2994819,0.5510965,0.5510965,0.5510735,-1.1014124,-0.59331274,0.29981166,0.35679543,0.35780516,0.5022022,-1.2109587,1.9717674,1.4467679,1.4425313
369,-0.0628406690324054,1.8605297723605712e-07,0.07753156308157771,123.37798425379299,-0.27936304,-0.18288113,-0.31407133,-0.32700413,-0.32912305,-0.3156403,-0.3438029,-0.2885812,-0.37647325,-0.21144833,-0.27165624,-0.5772186,1.0812929,0.19411711,0.19411711,0.19409944,-0.93681675,-0.5867408,0.3917492,1.449059,1.4489417,0.23176563,-0.45204595,-0.5218447,1.4880623,1.482709
370,0.19014882099102526,0.16751005179157444,0.09692890270083558,50.97528193870963,-0.27936304,-0.18288113,-0.31407133,-0.32700413,-0.32912305,-0.3156403,-0.3438029,-0.2885812,-0.37647325,-0.21144833,-0.6031906,-0.6223804,-0.34395543,0.6917707,0.6917707,0.6917642,-0.98574394,-0.5716204,0.20787413,0.8069214,0.8089482,-0.24149832,-0.45204595,1.9717674,0.08405494,0.08257994
371,0.14348097554608888,0.10349652357399464,0.12150605402740777,84.6844294837783,-0.27936304,-0.18288113,-0.31407133,-0.32700413,-0.32912305,-0.3156403,-0.3438029,-0.2885812,-0.37647325,-0.21144833,-0.7317863,1.641261,-1.0565796,-1.5850322,-1.5850322,-1.5850316,1.181943,1.7339573,-0.80343866,-1.0166656,-1.0166074,-1.0528079,-1.4639297,1.5881348,-0.783126,-0.7830651
372,-0.3549524247646332,1.830620514511345e-25,0.3549524247646332,99.99999718272112,-0.27936304,-0.18288113,-0.31407133,-0.32700413,-0.32912305,-0.3156403,-0.3438029,-0.2885812,-0.37647325,-0.21144833,0.16593635,-0.5634527,0.8875698,0.044669688,0.044669688,0.044554025,-1.4900742,-0.57989216,2.0466247,2.5129929,2.513849,0.97546613,0.8128087,-0.5204636,0.08405494,0.09353747
373,-0.3549524247646332,1.8306179466047526e-25,0.3549524247646332,99.99999718272112,-0.27936304,-0.18288113,-0.31407133,-0.32700413,-0.32912305,-0.3156403,-0.3438029,-0.2885812,-0.37647325,-0.21144833,0.11555861,-0.5592264,0.6315787,-0.0013141644,-0.0013141644,-0.0013590308,-1.669744,-0.579893,1.8627496,2.8004858,2.802371,0.84024787,0.8128087,-0.520502,0.08405494,0.09353747
374,-0.4042762851013857,1.2797369373740866e-05,0.40428908198487523,100.00316290706243,-0.27936304,-0.18288113,-0.31407133,-0.32700413,-0.32912305,-0.3156403,-0.3438029,-0.2885812,-0.37647325,-0.21144833,3.4404876,-0.6016108,0.63849735,0.45459104,0.45459104,0.45449206,-1.3192462,-0.58848524,1.3111244,0.6610763,0.6620645,1.7867758,0.55983776,-0.5211925,4.750314,4.7529235
375,-0.2728048533785577,1.2256824402177077e-16,0.2728048533785577,99.9999963343762,-0.27936304,-0.18288113,-0.31407133,-0.32700413,-0.32912305,-0.3156403,-0.3438029,-0.2885812,-0.37647325,-0.21144833,0.15369888,-0.6125993,0.40326214,0.58286166,0.58286166,0.58272064,-1.219682,-0.5866657,0.29981166,0.10077983,0.10075849,1.5839484,-0.19907501,-0.5218447,-0.10176953,-0.098828085
376,-0.4764102101325989,3.1607308604482873e-06,0.476413369178772,100.00066099467224,-0.27936304,-0.18288113,-0.31407133,-0.32700413,-0.32912305,-0.3156403,-0.3438029,-0.2885812,-0.37647325,-0.21144833,-0.119911276,1.641261,-1.0565796,-1.5850322,-1.5850322,-1.5850316,-0.7967392,-0.58842695,-0.80343866,-1.0166656,-1.0166074,-1.0528079,1.5717214,-0.5200416,-0.783126,-0.78063005
377,0.7551115400650922,0.6787023006701002,0.076409239394992,10.118934002321295,-0.27936304,-0.18288113,-0.31407133,-0.32700413,-0.32912305,-0.3156403,-0.3438029,-0.2885812,-0.37647325,-0.21144833,-0.7317863,1.641261,-1.0565796,-1.5850322,-1.5850322,-1.5850316,0.91029567,1.7339573,-0.80343866,-1.0166656,-1.0166074,-1.0528079,-1.2109587,1.9717674,-0.783126,-0.7830651
378,-0.15630272206138163,0.00022600153683657374,0.15652872300615497,100.14458540922023,-0.27936304,-0.18288113,-0.31407133,-0.32700413,-0.32912305,-0.3156403,-0.3438029,-0.2885812,-0.37647325,-0.21144833,-0.5626029,-0.62648594,0.9360005,0.8626971,0.8626971,0.8626264,-0.12421167,-0.5855508,-0.06793844,0.85833436,0.8561609,-0.10628005,-0.70501685,-0.5218447,-0.4734185,-0.4799067
379,-0.1561556809088763,0.00041334235107106174,0.15656902392705283,100.26469289448934,-0.27936304,-0.18288113,-0.31407133,-0.32700413,-0.32912305,-0.3156403,-0.3438029,-0.2885812,-0.37647325,-0.21144833,-0.3553812,-0.61767095,0.36866876,0.6645434,0.6645434,0.6645443,-0.72976387,-0.5935042,0.3917492,0.06510554,0.06403761,0.36698392,-0.45204595,-0.5218447,-0.30824116,-0.29971617
380,-0.366081785921957,9.19175848888271e-06,0.36609097789315614,100.00250817475806,-0.27936304,-0.18288113,-0.31407133,-0.32700413,-0.32912305,-0.3156403,-0.3438029,-0.2885812,-0.37647325,-0.21144833,-0.50365895,-0.63167834,0.11959624,0.8856891,0.8856891,0.8857469,0.11288703,-0.592152,-0.43568856,-0.12900469,-0.13005887,-0.30910745,0.30686682,-0.5202718,-0.53536,-0.53104186
381,-0.007785368710756302,0.00039623775313991834,0.00818160644677632,105.08938294128953,-0.27936304,-0.18288113,-0.31407133,-0.32700413,-0.32912305,-0.3156403,-0.3438029,-0.2885812,-0.37647325,-0.21144833,-0.527828,1.641261,-1.0565796,-1.5850322,-1.5850322,-1.5850316,1.181943,1.7339573,-0.80343866,-1.0166656,-1.0166074,-1.0528079,-1.2109587,1.9717674,-0.783126,-0.7830651
382,0.1507262342116412,0.11744903057229285,0.035602326486624924,23.620522539282653,-0.27936304,-0.18288113,-0.31407133,-0.32700413,-0.32912305,-0.3156403,-0.3438029,-0.2885812,-0.37647325,-0.21144833,-0.6775334,-0.60402584,-0.5861092,0.41980067,0.41980067,0.41972932,-0.40350392,-0.59028286,-0.80343866,-0.40600523,-0.40808883,-0.5119349,-0.70501685,-0.5191592,-0.32888836,-0.33258876
383,0.1507262342116412,0.11744976861804139,0.03560176024249956,23.62014686208833,-0.27936304,-0.18288113,-0.31407133,-0.32700413,-0.32912305,-0.3156403,-0.3438029,-0.2885812,-0.37647325,-0.21144833,-0.67957294,-0.60535413,-0.17098835,0.44975057,0.44975057,0.44973677,-0.20142587,-0.592294,-0.43568856,-0.404956,-0.402843,-0.5119349,-0.70501685,-0.5191592,-0.34953552,-0.35815635
384,0.3079204424923542,0.27726077682831707,0.03125115995313607,10.14910172422277,-0.27936304,-0.18288113,-0.31407133,-0.32700413,-0.32912305,-0.3156403,-0.3438029,-0.2885812,-0.37647325,-0.21144833,-0.7652355,-0.64761776,-0.74523896,1.1637095,1.1637095,1.1636848,1.1256666,-0.5862964,-0.43568856,0.9978839,0.99779886,-0.579544,-0.70501685,1.9717674,-0.6385958,-0.63818216
385,0.37306274035397696,0.3671535563235189,0.04943835092525856,13.25202017042695,-0.27936304,-0.18288113,-0.31407133,-0.32700413,-0.32912305,-0.3156403,-0.3438029,-0.2885812,-0.37647325,-0.21144833,1.0284762,-0.57999593,1.690137,0.27489117,0.27489117,0.27493918,-0.8728665,-0.5836055,0.94337434,0.4197501,0.42075533,0.907857,0.30686682,-0.5215378,0.9512359,0.9604
386,0.37306274035397696,0.3941888143034542,0.0603403600991941,16.174319210894346,-0.27936304,-0.18288113,-0.31407133,-0.32700413,-0.32912305,-0.3156403,-0.3438029,-0.2885812,-0.37647325,-0.21144833,1.5136932,-0.5605547,3.2883525,0.21257113,0.21257113,0.21262863,-0.92351085,-0.5810974,1.3111244,0.67051953,0.67255616,1.1782936,0.30686682,-0.5212692,1.0338246,1.0419728
387,0.37306274035397696,0.4032467551091138,0.06774149747455821,18.158204594343,-0.27936304,-0.18288113,-0.31407133,-0.32700413,-0.32912305,-0.3156403,-0.3438029,-0.2885812,-0.37647325,-0.21144833,0.9016141,-0.5925543,1.3165281,0.38289264,0.38289264,0.38299885,-0.88004804,-0.5874441,0.94337434,0.42289788,0.42075533,0.907857,0.30686682,-0.5215378,0.8892945,0.8995248
388,-0.27251727791393504,1.018026662823284e-11,0.27251727791393504,99.99999633050804,-0.27936304,-0.18288113,-0.31407133,-0.32700413,-0.32912305,-0.3156403,-0.3438029,-0.2885812,-0.37647325,-0.21144833,-0.527828,1.641261,-1.0565796,-1.5850322,-1.5850322,-1.5850316,1.181943,1.7339573,-0.80343866,-1.0166656,-1.0166074,-1.0528079,-1.2109587,1.9717674,-0.783126,-0.7830651
389,0.4493398859220393,0.44050302400308494,0.021902197716282865,4.874305156309314,-0.27936304,-0.18288113,-0.31407133,-0.32700413,-0.32912305,-0.3156403,-0.3438029,-0.2885812,-0.37647325,-0.21144833,-0.527828,1.641261,-1.0565796,-1.5850322,-1.5850322,-1.5850316,1.181943,1.7339573,-0.80343866,-1.0166656,-1.0166074,-1.0528079,-1.2109587,1.9717674,-0.783126,-0.7830651
390,0.4533811018747442,0.4441689901492175,0.02195460188622568,4.842416525788373,-0.27936304,-0.18288113,-0.31407133,-0.32700413,-0.32912305,-0.3156403,-0.3438029,-0.2885812,-0.37647325,-0.21144833,-0.527828,1.641261,-1.0565796,-1.5850322,-1.5850322,-1.5850316,1.181943,1.7339573,-0.80343866,-1.0166656,-1.0166074,-1.0528079,-1.2109587,1.9717674,-0.783126,-0.7830651
391,0.765679913408616,0.6701882037461973,0.09549170966241874,12.47149190451716,-0.27936304,-0.18288113,-0.31407133,-0.32700413,-0.32912305,-0.3156403,-0.3438029,-0.2885812,-0.37647325,-0.21144833,-0.527828,1.641261,-1.0565796,-1.5850322,-1.5850322,-1.5850316,1.181943,1.7339573,-0.80343866,-1.0166656,-1.0166074,-1.0528079,-0.9579878,1.9717674,-0.783126,-0.7830651
392,-0.2485519895950953,5.6240055867009705e-05,0.24860822862269832,100.02262264141693,-0.27936304,-0.18288113,-0.31407133,-0.32700413,-0.32912305,-0.3156403,-0.3438029,-0.2885812,-0.37647325,-0.21144833,-0.7317863,1.641261,-1.0565796,-1.5850322,-1.5850322,-1.5850316,1.181943,1.7339573,-0.80343866,-1.0166656,-1.0166074,-1.0528079,-1.4639297,1.5881348,-0.783126,-0.7830651
393,-0.0005308231886695413,1.0455107985985795e-06,0.0069136224212307555,1302.409602262959,-0.27936304,-0.18288113,-0.31407133,-0.32700413,-0.32912305,-0.3156403,-0.3438029,-0.2885812,-0.37647325,-0.21144833,0.14390889,-0.574079,1.0328621,0.15932675,0.15932675,0.15950064,-1.5199348,-0.57502246,0.29981166,0.9401754,0.94009453,-0.038670912,-0.70501685,-0.51497763,-0.30824116,-0.30215117
394,-0.0005308231886695413,4.136357434243323e-06,0.006915353275105065,1302.7356658760211,-0.27936304,-0.18288113,-0.31407133,-0.32700413,-0.32912305,-0.3156403,-0.3438029,-0.2885812,-0.37647325,-0.21144833,0.07843819,-0.5861544,1.0882117,0.30635375,0.30635375,0.30642244,-1.4722033,-0.56819797,0.5756242,1.3672179,1.3650082,-0.038670912,-0.70501685,-0.51796997,-0.26694685,-0.2753661
395,-0.0005308231886695413,1.2926570407194494e-06,0.006913761790914863,1302.43585715566,-0.27936304,-0.18288113,-0.31407133,-0.32700413,-0.32912305,-0.3156403,-0.3438029,-0.2885812,-0.37647325,-0.21144833,0.1793976,-0.5674376,1.4133896,0.123023674,0.123023674,0.12293416,-1.6247618,-0.57285964,0.29981166,1.4878811,1.4856627,-0.038670912,-0.70501685,-0.51804674,-0.287594,-0.29606366
396,-0.0005308231886695413,2.61821032173278e-06,0.006914505652864189,1302.5759881733138,-0.27936304,-0.18288113,-0.31407133,-0.32700413,-0.32912305,-0.3156403,-0.3438029,-0.2885812,-0.37647325,-0.21144833,0.08251738,-0.58542985,2.1813633,0.41072488,0.41072488,0.41071066,-1.8986105,-0.5756298,0.29981166,3.1603765,3.1590884,-0.038670912,-0.70501685,-0.51685745,-0.30824116,-0.3106737
397,0.36111268634889643,0.4274363093679366,0.2959207302215053,81.94691940036232,-0.27936304,-0.18288113,-0.31407133,-0.32700413,-0.32912305,-0.3156403,-0.3438029,-0.2885812,-0.37647325,-0.21144833,-0.527828,1.641261,-1.0565796,-1.5850322,-1.5850322,-1.5850316,1.181943,1.7339573,-0.80343866,-1.0166656,-1.0166074,-1.0528079,-1.2109587,-0.43905678,-0.783126,-0.7830651
398,2.576304744271671,2.3174677456126496,0.2588369986590217,10.046831541565652,-0.27936304,-0.18288113,-0.31407133,-0.32700413,-0.32912305,-0.3156403,-0.3438029,-0.2885812,-0.37647325,-0.21144833,-0.7317863,1.641261,-1.0565796,-1.5850322,-1.5850322,-1.5850316,1.181943,1.7339573,-0.80343866,-1.0166656,-1.0166074,-1.0528079,-1.4639297,1.5881348,-0.783126,-0.7830651
399,1.0348086707732256,0.9094258874070411,0.1253827833661846,12.11651831839066,-0.27936304,-0.18288113,-0.31407133,-0.32700413,-0.32912305,-0.3156403,-0.3438029,-0.2885812,-0.37647325,-0.21144833,-0.7317863,1.641261,-1.0565796,-1.5850322,-1.5850322,-1.5850316,1.181943,1.7339573,-0.80343866,-1.0166656,-1.0166074,-1.0528079,-1.4639297,1.5881348,-0.783126,-0.7830651
400,0.36111268634889643,0.4274363093679366,0.2959207302215053,81.94691940036232,-0.27936304,-0.18288113,-0.31407133,-0.32700413,-0.32912305,-0.3156403,-0.3438029,-0.2885812,-0.37647325,-0.21144833,-0.527828,1.641261,-1.0565796,-1.5850322,-1.5850322,-1.5850316,1.181943,1.7339573,-0.80343866,-1.0166656,-1.0166074,-1.0528079,-1.2109587,-0.43905678,-0.783126,-0.7830651
401,0.21365305635274626,0.2106480355940613,0.016209321279151766,7.586748721120527,-0.27936304,-0.18288113,-0.31407133,-0.32700413,-0.32912305,-0.3156403,-0.3438029,-0.2885812,-0.37647325,-0.21144833,-0.30102628,-0.617188,0.5485544,0.6760393,0.6760393,0.6760226,0.3658053,-0.5479978,0.29981166,0.07769646,0.07977513,0.5022022,-1.2109587,1.9717674,0.5382926,0.5318388
402,0.21365305635274626,0.21061665637820376,0.016204998481507395,7.584725442111165,-0.27936304,-0.18288113,-0.31407133,-0.32700413,-0.32912305,-0.3156403,-0.3438029,-0.2885812,-0.37647325,-0.21144833,-0.48326308,-0.6327651,-0.68297076,0.8602769,0.8602769,0.8603307,0.69802904,-0.5814496,-0.80343866,-0.6735626,-0.6756271,0.1641565,-1.2109587,1.9717674,0.331821,0.33095068
403,0.3708197877687566,0.4007703463236491,0.03337501369270624,9.000332208130622,-0.27936304,-0.18288113,-0.31407133,-0.32700413,-0.32912305,-0.3156403,-0.3438029,-0.2885812,-0.37647325,-0.21144833,1.2942339,-0.5851883,0.20953907,0.23344521,0.23344521,0.23345347,-1.2420816,-0.57513905,1.0353119,0.48375413,0.48370552,0.77263874,-0.45204595,1.9717674,-0.59730154,-0.59922206
404,-0.21901371899773092,6.198079213123386e-05,0.21907570169252508,100.02829626027454,-0.27936304,-0.18288113,-0.31407133,-0.32700413,-0.32912305,-0.3156403,-0.3438029,-0.2885812,-0.37647325,-0.21144833,-0.24381599,-0.637233,-0.3923862,0.9570849,0.9570849,0.957076,0.57161885,-0.56534046,-0.7115011,-0.15313733,-0.15104224,-0.10628005,0.55983776,-0.5206938,-0.4321242,-0.44094658
405,-0.32277436729739695,1.5459173420251818e-05,0.32278982637559667,100.00478633971169,-0.27936304,-0.18288113,-0.31407133,-0.32700413,-0.32912305,-0.3156403,-0.3438029,-0.2885812,-0.37647325,-0.21144833,0.08404708,1.641261,-1.0565796,-1.5850322,-1.5850322,-1.5850316,1.181943,1.7339573,-0.80343866,-1.0166656,-1.0166074,-1.0528079,0.8128087,-0.51628196,-0.783126,-0.7830651
406,-0.40528255350449505,4.133394412008936e-19,0.40528255350449505,99.99999753258568,-0.27936304,-0.18288113,-0.31407133,-0.32700413,-0.32912305,-0.3156403,-0.3438029,-0.2885812,-0.37647325,-0.21144833,2.131177,-0.5627282,1.1850731,0.05979592,0.05979592,0.059967685,-2.0862672,-0.5549257,2.7821248,2.7553682,2.7551582,1.7867758,0.55983776,-0.5193127,0.1253493,0.1337151
407,-0.34652623534202576,2.1249002202239353e-05,0.3465474843978882,100.00612913340561,-0.27936304,-0.18288113,-0.31407133,-0.32700413,-0.32912305,-0.3156403,-0.3438029,-0.2885812,-0.37647325,-0.21144833,-0.09105115,-0.60136926,1.0190248,0.4721375,0.4721375,0.4722014,-1.5449892,-0.5856783,1.2191869,1.5686729,1.5695963,0.84024787,-0.45204595,-0.5209239,0.70346993,0.7108118
408,-0.3312560565331403,2.2861128669581908e-11,0.3312560565331403,99.99999698118737,-0.27936304,-0.18288113,-0.31407133,-0.32700413,-0.32912305,-0.3156403,-0.3438029,-0.2885812,-0.37647325,-0.21144833,0.60230535,-0.6220181,0.2925632,0.72141796,0.72141796,0.7216076,-0.71851534,-0.55656826,0.3917492,-0.1636298,-0.1615339,0.5022022,-0.19907501,-0.5210007,0.22858514,0.22137535
409,-0.4149745644307604,1.1314831936063217e-24,0.4149745644307604,99.99999759021381,-0.27936304,-0.18288113,-0.31407133,-0.32700413,-0.32912305,-0.3156403,-0.3438029,-0.2885812,-0.37647325,-0.21144833,0.023879351,-0.6090975,0.8806512,0.5689455,0.5689455,0.5689467,-1.6077446,-0.5600754,-0.06793844,0.33371213,0.33157587,0.43459305,0.8128087,-0.5206938,-0.783126,-0.7830651
410,-0.21296305253225215,3.083425882867593e-15,0.21296305253225215,99.99999530435002,-0.27936304,-0.18288113,-0.31407133,-0.32700413,-0.32912305,-0.3156403,-0.3438029,-0.2885812,-0.37647325,-0.21144833,-0.59533817,-0.6298671,-0.84210044,0.8027972,0.8027972,0.80293936,0.5706138,-0.59342974,-0.80343866,-0.4773539,-0.47628486,-0.17388919,0.55983776,-0.5199265,-0.30824116,-0.29849866
411,0.13822304150637457,0.07712202636050243,0.061101015072827246,44.20464922958917,-0.27936304,-0.18288113,-0.31407133,-0.32700413,-0.32912305,-0.3156403,-0.3438029,-0.2885812,-0.37647325,-0.21144833,-0.7317863,1.641261,-1.0565796,-1.5850322,-1.5850322,-1.5850316,0.59443754,-0.5939687,-0.80343866,-1.0166656,-1.0166074,-1.0528079,0.30686682,-0.5218447,-0.783126,-0.7830651
412,0.9924499076955459,0.9411259679233327,0.05132393977221321,5.171438765533544,-0.27936304,-0.18288113,-0.31407133,-0.32700413,-0.32912305,-0.3156403,-0.3438029,-0.2885812,-0.37647325,-0.21144833,-0.50987965,-0.6209313,0.27180722,0.7108297,0.7108297,0.71094924,-0.79145783,-0.57486284,0.115936615,0.46067068,0.46272215,1.1106844,-1.4639297,1.5881348,0.18729079,0.19093776
413,-0.18490815542492212,8.877634500808484e-05,0.18499693245280022,100.04800600756279,-0.27936304,-0.18288113,-0.31407133,-0.32700413,-0.32912305,-0.3156403,-0.3438029,-0.2885812,-0.37647325,-0.21144833,-0.527828,1.641261,-1.0565796,-1.5850322,-1.5850322,-1.5850316,1.1617115,1.7339573,-0.80343866,-1.0166656,-1.0166074,-1.0528079,0.05389591,-0.50515664,-0.783126,-0.7830651
414,-0.18490815542492212,7.357953547719208e-05,0.18498173472928067,100.03978694190681,-0.27936304,-0.18288113,-0.31407133,-0.32700413,-0.32912305,-0.3156403,-0.3438029,-0.2885812,-0.37647325,-0.21144833,-0.527828,1.641261,-1.0565796,-1.5850322,-1.5850322,-1.5850316,1.012369,1.7339573,-0.80343866,-1.0166656,-1.0166074,-1.0528079,0.30686682,-0.520502,-0.783126,-0.7830651
415,0.044500529766082764,0.007251757178820816,0.03724877185681287,83.70409000118013,-0.27936304,-0.18288113,-0.31407133,-0.32700413,-0.32912305,-0.3156403,-0.3438029,-0.2885812,-0.37647325,-0.21144833,-0.7317863,1.641261,-1.0565796,-1.5850322,-1.5850322,-1.5850316,1.181943,1.7339573,-0.80343866,-1.0166656,-1.0166074,-1.0528079,0.30686682,-0.49422312,-0.783126,-0.7830651
416,0.5197693939302482,0.5230039825626448,0.019382664970323153,3.729089250687071,-0.27936304,-0.18288113,-0.31407133,-0.32700413,-0.32912305,-0.3156403,-0.3438029,-0.2885812,-0.37647325,-0.21144833,0.35245627,-0.6243124,0.036572102,0.7450151,0.7450151,0.7448922,-0.104771264,-0.5885809,0.5756242,0.11337075,0.111250274,1.1782936,1.3187505,-0.5214227,1.7977699,1.7968249
417,-0.2214355170726776,5.072181471521117e-07,0.22143602225126005,100.00022362201268,-0.27936304,-0.18288113,-0.31407133,-0.32700413,-0.32912305,-0.3156403,-0.3438029,-0.2885812,-0.37647325,-0.21144833,0.90355176,-0.6159804,0.42401823,0.6364086,0.6364086,0.63634056,-0.28786832,-0.57884187,0.115936615,-0.03981896,-0.040879387,0.43459305,2.3306344,-0.5201183,1.4054735,1.4023538
418,0.1302112575401278,0.06880646317800068,0.1795076554020246,137.8587727415409,-0.27936304,-0.18288113,-0.31407133,-0.32700413,-0.32912305,-0.3156403,-0.3438029,-0.2885812,-0.37647325,-0.21144833,-0.527828,1.641261,-1.0565796,-1.5850322,-1.5850322,-1.5850316,1.181943,1.7339573,-0.80343866,-1.0166656,-1.0166074,-1.0528079,-0.70501685,-0.5140186,-0.783126,-0.7830651
419,0.1302112575401278,0.06880646317800068,0.1795076554020246,137.8587727415409,-0.27936304,-0.18288113,-0.31407133,-0.32700413,-0.32912305,-0.3156403,-0.3438029,-0.2885812,-0.37647325,-0.21144833,-0.527828,1.641261,-1.0565796,-1.5850322,-1.5850322,-1.5850316,1.181943,1.7339573,-0.80343866,-1.0166656,-1.0166074,-1.0528079,-0.70501685,1.9717674,-0.783126,-0.7830651
420,-0.011780838317730847,0.00019765054785952373,0.0119784889176634,101.67764319344552,-0.27936304,-0.18288113,-0.31407133,-0.32700413,-0.32912305,-0.3156403,-0.3438029,-0.2885812,-0.37647325,-0.21144833,-0.31785285,-0.6214143,0.25796983,0.71597254,0.71597254,0.71603256,0.40369028,-0.5874835,-0.43568856,1.165763,1.165666,-0.579544,-0.19907501,-0.5215378,-0.16371101,-0.16092077
421,0.3708197877687566,0.40077053799348716,0.03337518198817384,9.000377592834624,-0.27936304,-0.18288113,-0.31407133,-0.32700413,-0.32912305,-0.3156403,-0.3438029,-0.2885812,-0.37647325,-0.21144833,0.7876015,-0.61054647,0.7630337,0.5864918,0.5864918,0.5864921,-1.3754001,-0.58936924,-0.06793844,-0.10487205,-0.10382957,0.56981134,-0.45204595,1.9717674,-0.59730154,-0.5931345
422,0.571110725402832,0.5546059970762215,0.02947481356415094,5.160962968654569,-0.27936304,-0.18288113,-0.31407133,-0.32700413,-0.32912305,-0.3156403,-0.3438029,-0.2885812,-0.37647325,-0.21144833,-0.527828,1.641261,-1.0565796,-1.5850322,-1.5850322,-1.5850316,1.181943,1.7339573,-0.80343866,-1.0166656,-1.0166074,-1.0528079,-0.70501685,1.9717674,-0.783126,-0.7830651
423,0.3713166065075818,0.34979158523035986,0.02180913207577724,5.8734597661971115,-0.27936304,-0.18288113,-0.31407133,-0.32700413,-0.32912305,-0.3156403,-0.3438029,-0.2885812,-0.37647325,-0.21144833,-0.527828,1.641261,-1.0565796,-1.5850322,-1.5850322,-1.5850316,0.6371975,1.7339573,-0.80343866,-1.0166656,-1.0166074,-1.0528079,-0.9579878,1.9717674,-0.783126,-0.7830651
424,-0.07293189054026324,7.359781300371705e-06,0.0729392499608152,100.0100771000036,-0.27936304,-0.18288113,-0.31407133,-0.32700413,-0.32912305,-0.3156403,-0.3438029,-0.2885812,-0.37647325,-0.21144833,-0.32386962,1.641261,-1.0565796,-1.5850322,-1.5850322,-1.5850316,1.181943,1.7339573,-0.80343866,-1.0166656,-1.0166074,-1.0528079,-0.45204595,-0.46721536,-0.783126,-0.7830651
425,-0.4090695240918328,7.372868930192424e-32,0.4090695240918328,99.99999755542784,-0.27936304,-0.18288113,-0.31407133,-0.32700413,-0.32912305,-0.3156403,-0.3438029,-0.2885812,-0.37647325,-0.21144833,-0.23932888,-0.60197306,0.5416358,0.44944817,0.44944817,0.44940886,-0.68194705,-0.5854359,0.48368672,0.49424645,0.4941972,0.5022022,-0.9579878,-0.52149945,-0.060475167,-0.057432964
426,-0.3717749130492117,1.5409778950247438e-05,0.3717903208498861,100.00414169964671,-0.27936304,-0.18288113,-0.31407133,-0.32700413,-0.32912305,-0.3156403,-0.3438029,-0.2885812,-0.37647325,-0.21144833,-0.83876246,-0.6302293,-1.0565796,0.80794024,0.80794024,0.80785865,1.0910822,-0.593945,-0.80343866,-0.821506,-0.82251096,-0.84998053,0.05389591,-0.52034855,-0.7211845,-0.71244985
427,-0.3158749043941498,1.1562350637712584e-05,0.3158864700326733,100.00365829573572,-0.27936304,-0.18288113,-0.31407133,-0.32700413,-0.32912305,-0.3156403,-0.3438029,-0.2885812,-0.37647325,-0.21144833,-0.7317863,1.641261,-1.0565796,-1.5850322,-1.5850322,-1.5850316,1.181943,1.7339573,-0.80343866,-1.0166656,-1.0166074,-1.0528079,-0.70501685,-0.43859637,-0.783126,-0.7830651
428,-0.41077183566841424,1.4838576836508998e-24,0.41077183566841424,99.99999756555857,-0.27936304,-0.18288113,-0.31407133,-0.32700413,-0.32912305,-0.3156403,-0.3438029,-0.2885812,-0.37647325,-0.21144833,-0.65866727,-0.63711226,-1.0565796,0.93590826,0.93590826,0.9359232,0.9820207,-0.59058005,-0.43568856,0.3001362,0.30010083,-0.84998053,0.8128087,-0.5208089,-0.122416705,-0.11830814
429,-0.44459906220436096,3.6006552480916727e-25,0.44459906220436096,99.99999775078253,-0.27936304,-0.18288113,-0.31407133,-0.32700413,-0.32912305,-0.3156403,-0.3438029,-0.2885812,-0.37647325,-0.21144833,-0.119911276,1.641261,-1.0565796,-1.5850322,-1.5850322,-1.5850316,-0.68982196,-0.5874486,-0.80343866,-1.0166656,-1.0166074,-1.0528079,2.0776634,-0.51919764,-0.7624788,-0.76602
430,-0.07633496747881759,1.2306236996759963e-07,0.07633508990208308,100.00014727621493,-0.27936304,-0.18288113,-0.31407133,-0.32700413,-0.32912305,-0.3156403,-0.3438029,-0.2885812,-0.37647325,-0.21144833,-0.14979118,-0.6187578,0.90832597,0.73170394,0.73170394,0.73177415,-0.19284539,-0.5783096,-0.6195636,-0.5277176,-0.5287434,-0.10628005,-0.70501685,-0.5210774,-0.783126,-0.77941257
431,-0.3284249241445579,2.5008617691010694e-24,0.3284249241445579,99.99999695516419,-0.27936304,-0.18288113,-0.31407133,-0.32700413,-0.32912305,-0.3156403,-0.3438029,-0.2885812,-0.37647325,-0.21144833,-0.49029964,-0.6273312,-0.21250047,0.7819231,0.7819231,0.7819506,-0.19692653,-0.5823516,-0.43568856,-0.3084255,-0.30841768,0.09654736,-0.19907501,-0.5218447,0.22858514,0.22868037
432,0.3079204424923542,0.27726243991477817,0.031249637112897986,10.148607167844407,-0.27936304,-0.18288113,-0.31407133,-0.32700413,-0.32912305,-0.3156403,-0.3438029,-0.2885812,-0.37647325,-0.21144833,-0.8431476,-0.63675,-1.0565796,0.92955524,0.92955524,0.9293643,1.0658604,-0.5917311,-0.80343866,-0.6074602,-0.6074311,-0.84998053,-0.70501685,1.9717674,-0.59730154,-0.589482
433,-0.3284249241445579,2.50045731597308e-24,0.3284249241445579,99.99999695516419,-0.27936304,-0.18288113,-0.31407133,-0.32700413,-0.32912305,-0.3156403,-0.3438029,-0.2885812,-0.37647325,-0.21144833,-0.26431382,-0.63675,-0.15023236,0.9601103,0.9601103,0.9601916,-0.08511383,-0.49092788,-0.15987597,-0.19510712,-0.19300905,0.84024787,-0.19907501,-0.5218447,0.22858514,0.23598538
434,-0.011780838317730847,0.0001977554427724624,0.011978593691453045,101.67853255036465,-0.27936304,-0.18288113,-0.31407133,-0.32700413,-0.32912305,-0.3156403,-0.3438029,-0.2885812,-0.37647325,-0.21144833,-0.39025804,-0.6392858,-0.29552466,1.0039763,1.0039763,1.003973,0.72964674,-0.55985445,-0.06793844,0.7513115,0.7512439,-0.30910745,-0.19907501,-0.5211157,-0.45277134,-0.45190412
435,-0.11486363410949707,8.070082549928222e-09,0.11486364345924527,99.99999943389241,-0.27936304,-0.18288113,-0.31407133,-0.32700413,-0.32912305,-0.3156403,-0.3438029,-0.2885812,-0.37647325,-0.21144833,0.4665709,-0.56623006,2.4096797,0.17112519,0.17112519,0.1709789,-0.7619976,-0.5917164,2.1385622,0.89086086,0.8928819,1.5839484,1.0657796,-0.5211925,1.818417,1.82848
436,-0.37918437695970725,3.6328042949439715e-06,0.3791880145961163,100.00095669456175,-0.27936304,-0.18288113,-0.31407133,-0.32700413,-0.32912305,-0.3156403,-0.3438029,-0.2885812,-0.37647325,-0.21144833,-0.35527924,-0.59291655,0.53471714,0.33963162,0.33963162,0.33954546,-0.12940839,-0.59145707,0.5756242,0.42394713,0.4260012,0.1641565,-0.45204595,-0.5206938,-0.060475167,-0.069608
437,-0.20965303860458673,2.8967201480354845e-08,0.20965306577729245,100.00000819101169,-0.27936304,-0.18288113,-0.31407133,-0.32700413,-0.32912305,-0.3156403,-0.3438029,-0.2885812,-0.37647325,-0.21144833,-0.8360091,-0.62612367,-1.0565796,0.7380569,0.7380569,0.73800516,0.007417936,-0.5915359,-0.80343866,-0.57073665,-0.5707101,-0.84998053,1.3187505,-0.5203101,-0.37018266,-0.3715489
438,-0.19633616974540785,5.241483692467833e-05,0.1963885853103563,100.02669175137073,-0.27936304,-0.18288113,-0.31407133,-0.32700413,-0.32912305,-0.3156403,-0.3438029,-0.2885812,-0.37647325,-0.21144833,-0.77053845,-0.61078805,-0.34395543,0.5169111,0.5169111,0.51696664,-0.6452885,-0.5884199,-0.5276261,-0.20559958,-0.20350073,-0.30910745,-0.9579878,-0.5218447,-0.24629968,-0.25101602
439,-0.19633616974540785,6.871177238816231e-05,0.1964048810449301,100.03499166562746,-0.27936304,-0.18288113,-0.31407133,-0.32700413,-0.32912305,-0.3156403,-0.3438029,-0.2885812,-0.37647325,-0.21144833,-0.77890074,-0.6412179,-0.73140156,1.0227329,1.0227329,1.0228301,0.5977811,-0.593358,-0.80343866,-0.8487864,-0.84874016,-0.64715314,-0.9579878,1.9717674,-0.6385958,-0.6369647
440,-0.03550254023067799,0.0004882488360368263,0.03599078910123995,101.37522196966027,-0.27936304,-0.18288113,-0.31407133,-0.32700413,-0.32912305,-0.3156403,-0.3438029,-0.2885812,-0.37647325,-0.21144833,-0.8328477,-0.62153506,-1.0565796,0.66242576,0.66242576,0.6622486,1.1356101,-0.59393877,-0.43568856,0.25711724,0.258134,-0.84998053,-1.2109587,1.9717674,-0.783126,-0.7830651
441,0.3109092139730267,0.12163023869780933,0.18927897483694786,60.87917637765838,-0.27936304,-0.18288113,-0.31407133,-0.32700413,-0.32912305,-0.3156403,-0.3438029,-0.2885812,-0.37647325,-0.21144833,0.08404708,1.641261,-1.0565796,-1.5850322,-1.5850322,-1.5850316,1.181943,1.7339573,-0.80343866,-1.0166656,-1.0166074,-1.0528079,0.55983776,-0.48658884,-0.783126,-0.7830651
442,0.3109092139730267,0.29557710476950105,0.018566106464348586,5.971552155030085,-0.27936304,-0.18288113,-0.31407133,-0.32700413,-0.32912305,-0.3156403,-0.3438029,-0.2885812,-0.37647325,-0.21144833,0.08404708,1.641261,-1.0565796,-1.5850322,-1.5850322,-1.5850316,1.181943,1.7339573,-0.80343866,-1.0166656,-1.0166074,-1.0528079,0.55983776,-0.48056582,-0.783126,-0.7830651
443,0.3109092139730267,0.1326801464253781,0.17822906667110966,57.325113868790254,-0.27936304,-0.18288113,-0.31407133,-0.32700413,-0.32912305,-0.3156403,-0.3438029,-0.2885812,-0.37647325,-0.21144833,0.08404708,1.641261,-1.0565796,-1.5850322,-1.5850322,-1.5850316,1.181943,1.7339573,-0.80343866,-1.0166656,-1.0166074,-1.0528079,0.55983776,-0.48743284,-0.783126,-0.7830651
444,-0.11372236600693535,0.09627962842875835,0.21000199487396315,184.66198319770965,-0.27936304,-0.18288113,-0.31407133,-0.32700413,-0.32912305,-0.3156403,-0.3438029,-0.2885812,-0.37647325,-0.21144833,0.08404708,1.641261,-1.0565796,-1.5850322,-1.5850322,-1.5850316,1.181943,1.7339573,-0.80343866,-1.0166656,-1.0166074,-1.0528079,0.55983776,-0.48831514,-0.783126,-0.7830651
445,-0.10428906553516201,7.522829526899787e-07,0.10428981731335323,100.00071127123087,-0.27936304,-0.18288113,-0.31407133,-0.32700413,-0.32912305,-0.3156403,-0.3438029,-0.2885812,-0.37647325,-0.21144833,-0.8251993,-0.6429084,-0.77983236,1.0572207,1.0572207,1.0572649,1.0364859,-0.5912142,-0.80343866,-0.924332,-0.922182,-0.7823714,-1.2109587,1.9717674,-0.67989016,-0.6893173
446,-0.34125804901123047,1.4910203390172683e-05,0.3412729548472984,100.00436497708247,-0.27936304,-0.18288113,-0.31407133,-0.32700413,-0.32912305,-0.3156403,-0.3438029,-0.2885812,-0.37647325,-0.21144833,-0.66927314,-0.6303501,-0.17790705,0.8387977,0.8387977,0.8388499,0.4630117,-0.55689794,-0.80343866,-0.7428127,-0.7438232,-0.37671658,1.5717214,-0.51904416,-0.49406567,-0.50182176
447,-0.22512615895738788,4.8641900101150574e-18,0.22512615895738788,99.99999555804638,-0.27936304,-0.18288113,-0.31407133,-0.32700413,-0.32912305,-0.3156403,-0.3438029,-0.2885812,-0.37647325,-0.21144833,-0.5050866,-0.61441064,0.83913904,0.6503247,0.6503247,0.6504424,-1.140653,-0.5843744,0.29981166,1.4606007,1.4594336,-0.038670912,0.8128087,-0.5202718,1.2609434,1.2659934
448,-0.1649501986947714,1.266194864643796e-09,0.1649501986947714,99.99999393756451,-0.27936304,-0.18288113,-0.31407133,-0.32700413,-0.32912305,-0.3156403,-0.3438029,-0.2885812,-0.37647325,-0.21144833,-0.8451872,-0.5950901,-1.0565796,0.3072613,0.3072613,0.30724233,0.76838726,-0.5939687,-0.6195636,0.4270949,0.4260012,-0.98519886,-0.45204595,-0.51666564,-0.783126,-0.7830651
449,-0.1649501986947714,1.266194064630146e-09,0.1649501986947714,99.99999393756451,-0.27936304,-0.18288113,-0.31407133,-0.32700413,-0.32912305,-0.3156403,-0.3438029,-0.2885812,-0.37647325,-0.21144833,-0.8526316,-0.6097012,-1.0565796,0.489684,0.489684,0.48974672,0.887677,-0.5939687,-0.80343866,-0.0125385355,-0.0146501865,-0.98519886,-0.45204595,-0.51919764,-0.783126,-0.7830651
450,-0.10428906553516201,7.529577377108669e-07,0.10428981818989211,100.00071211172053,-0.27936304,-0.18288113,-0.31407133,-0.32700413,-0.32912305,-0.3156403,-0.3438029,-0.2885812,-0.37647325,-0.21144833,-0.73382586,-0.64097637,-0.51000375,1.0275733,1.0275733,1.0275854,0.8576504,-0.58751214,-0.43568856,0.054613076,0.053545933,-0.5119349,-1.2109587,1.9717674,-0.61794865,-0.60896206
451,1.1513369901507509,1.0286545110683816,0.12417997215308395,10.785718876126138,-0.27936304,-0.18288113,-0.31407133,-0.32700413,-0.32912305,-0.3156403,-0.3438029,-0.2885812,-0.37647325,-0.21144833,-0.7317863,1.641261,-1.0565796,-1.5850322,-1.5850322,-1.5850316,1.181943,1.7339573,-0.80343866,-1.0166656,-1.0166074,-1.0528079,-1.4639297,1.5881348,-0.783126,-0.7830651
452,-0.23521434793285295,5.138707783738124e-16,0.23521434793285295,99.99999574855886,-0.27936304,-0.18288113,-0.31407133,-0.32700413,-0.32912305,-0.3156403,-0.3438029,-0.2885812,-0.37647325,-0.21144833,-0.85314155,-0.6516026,-1.0565796,1.2529544,1.2529544,1.2528874,0.08358935,-0.5939687,-0.80343866,-1.0166656,-1.0166074,-0.84998053,-1.2109587,1.9717674,-0.783126,-0.773325
453,0.02717639611778306,0.007636531712669952,0.019539864368590655,71.90010439167163,-0.27936304,-0.18288113,-0.31407133,-0.32700413,-0.32912305,-0.3156403,-0.3438029,-0.2885812,-0.37647325,-0.21144833,-0.4022916,-0.63650846,-0.25401258,0.94861424,0.94861424,0.94871336,0.36244005,-0.55697733,-0.80343866,-0.7753393,-0.7752983,0.43459305,-0.9579878,1.9717674,0.16664365,0.1702402
454,-0.14556094127542832,7.901022114560429e-08,0.14556102133264728,100.00004812912965,-0.27936304,-0.18288113,-0.31407133,-0.32700413,-0.32912305,-0.3156403,-0.3438029,-0.2885812,-0.37647325,-0.21144833,-0.000493666,-0.6007655,0.79762703,0.45156583,0.45156583,0.4513765,-0.07897997,-0.58801,-0.06793844,0.14379889,0.14272532,-0.038670912,-0.70501685,-0.5199265,0.74476427,0.73881435
455,-0.14556094127542832,7.266778917165298e-08,0.14556101461251578,100.00004351241655,-0.27936304,-0.18288113,-0.31407133,-0.32700413,-0.32912305,-0.3156403,-0.3438029,-0.2885812,-0.37647325,-0.21144833,0.045294963,-0.6286595,-0.13639498,0.8103603,0.8103603,0.8104822,-0.10424832,-0.57358825,-0.43568856,-0.29688382,-0.297926,0.23176563,-0.70501685,-0.51938945,0.22858514,0.22868037
456,-0.047557998886879754,1.618701055443072e-06,0.04755961756203689,100.00338255363246,-0.27936304,-0.18288113,-0.31407133,-0.32700413,-0.32912305,-0.3156403,-0.3438029,-0.2885812,-0.37647325,-0.21144833,-0.42238152,-0.6417009,-0.5515159,1.0402794,1.0402794,1.0402114,0.8474217,-0.42474616,-0.80343866,-0.8487864,-0.84874016,0.43459305,-0.70501685,-0.5204636,-0.49406567,-0.49816924
457,-0.047557998886879754,1.6187050924403878e-06,0.04755961756203689,100.00338255363246,-0.27936304,-0.18288113,-0.31407133,-0.32700413,-0.32912305,-0.3156403,-0.3438029,-0.2885812,-0.37647325,-0.21144833,-0.34253183,-0.64375365,-0.61378396,1.0817254,1.0817254,1.0816972,0.95435506,-0.41007835,-0.80343866,-0.924332,-0.922182,0.7050296,-0.70501685,-0.5204636,-0.49406567,-0.48599422
458,-0.0628406690324054,1.860592846314311e-07,0.07753156308157771,123.37798425379299,-0.27936304,-0.18288113,-0.31407133,-0.32700413,-0.32912305,-0.3156403,-0.3438029,-0.2885812,-0.37647325,-0.21144833,-0.2838938,-0.5808412,0.81838304,0.21650389,0.21650389,0.21640006,-0.632409,-0.5873576,0.7594993,1.0944142,1.092224,0.23176563,-0.45204595,-0.5218447,1.4467679,1.451054
459,0.40459592026822705,0.40742989498026233,0.07298449383062475,18.038860099813572,-0.27936304,-0.18288113,-0.31407133,-0.32700413,-0.32912305,-0.3156403,-0.3438029,-0.2885812,-0.37647325,-0.21144833,-0.034656674,-0.59593534,1.0466995,0.41223755,0.41223755,0.41235048,-0.56219214,-0.5939435,-0.06793844,0.2392801,0.23715064,0.23176563,-0.9579878,-0.5218447,1.0544717,1.0480603
460,-0.08838262964113086,0.0028420508720492033,0.091224679321635,103.215608508689,-0.27936304,-0.18288113,-0.31407133,-0.32700413,-0.32912305,-0.3156403,-0.3438029,-0.2885812,-0.37647325,-0.21144833,-0.09003137,-0.5883279,0.7561149,0.29939577,0.29939577,0.2995355,-0.71357775,-0.58937347,0.5756242,0.9307322,0.9296026,0.09654736,-0.9579878,1.9717674,-0.2256525,-0.23275347
461,-0.13492871032041662,8.320170219999974e-10,0.13492871032041662,99.99999258867943,-0.27936304,-0.18288113,-0.31407133,-0.32700413,-0.32912305,-0.3156403,-0.3438029,-0.2885812,-0.37647325,-0.21144833,-0.527828,1.641261,-1.0565796,-1.5850322,-1.5850322,-1.5850316,1.181943,1.7339573,-0.80343866,-1.0166656,-1.0166074,-1.0528079,-0.19907501,1.9717674,-0.783126,-0.7830651
462,-0.13492871032041662,8.320170219999974e-10,0.13492871032041662,99.99999258867943,-0.27936304,-0.18288113,-0.31407133,-0.32700413,-0.32912305,-0.3156403,-0.3438029,-0.2885812,-0.37647325,-0.21144833,-0.527828,1.641261,-1.0565796,-1.5850322,-1.5850322,-1.5850316,1.181943,1.7339573,-0.80343866,-1.0166656,-1.0166074,-1.0528079,-1.2109587,1.9717674,-0.783126,-0.7830651
463,-0.3128201856332667,1.4285030482594298e-20,0.3128201856332667,99.99999680327545,-0.27936304,-0.18288113,-0.31407133,-0.32700413,-0.32912305,-0.3156403,-0.3438029,-0.2885812,-0.37647325,-0.21144833,-0.7189369,-0.6454443,-0.68297076,1.1171206,1.1171206,1.1171159,0.6743066,-0.54824287,-0.5276261,0.42394713,0.4260012,-0.44432575,1.0657796,-0.5190825,-0.37018266,-0.36180887
464,-0.3128201856332667,1.4285000464549777e-20,0.3128201856332667,99.99999680327545,-0.27936304,-0.18288113,-0.31407133,-0.32700413,-0.32912305,-0.3156403,-0.3438029,-0.2885812,-0.37647325,-0.21144833,-0.78644717,-0.64761776,-0.786751,1.1618944,1.1618944,1.1617172,0.7288219,-0.569016,-0.5276261,0.8394479,0.8404232,-0.64715314,1.0657796,-0.5189674,-0.39082983,-0.39833397
465,-0.4202410362514795,4.215330901548869e-05,0.4202831895912395,100.01002837303399,-0.27936304,-0.18288113,-0.31407133,-0.32700413,-0.32912305,-0.3156403,-0.3438029,-0.2885812,-0.37647325,-0.21144833,3.3485022,-0.5772186,2.1536884,0.28850487,0.28850487,0.28854915,-2.3679483,-0.59186083,1.770812,1.9600409,1.957789,1.7867758,1.3187505,-0.51969635,1.4261209,1.4267038
466,-0.3832827000056996,8.969577932520936e-23,0.3832827000056996,99.99999739095979,-0.27936304,-0.18288113,-0.31407133,-0.32700413,-0.32912305,-0.3156403,-0.3438029,-0.2885812,-0.37647325,-0.21144833,0.17195316,-0.6118748,0.6454161,0.59526503,0.59526503,0.5951828,-0.9753882,-0.586267,0.48368672,0.16373447,0.16370878,0.7050296,-0.45204595,-0.5201183,0.5176455,0.52453375
467,0.36659056649488564,0.3490447624056947,0.018994616527183383,5.1814252043241975,-0.27936304,-0.18288113,-0.31407133,-0.32700413,-0.32912305,-0.3156403,-0.3438029,-0.2885812,-0.37647325,-0.21144833,-0.63827145,-0.62708974,-0.28168726,0.7755699,0.7755699,0.77555555,0.41249046,-0.5786544,-0.43568856,-0.31157327,-0.31366357,-0.30910745,1.3187505,-0.5196196,0.14599642,0.14954264
468,0.36659056649488564,0.3449156862847945,0.022209046518101412,6.058269890745883,-0.27936304,-0.18288113,-0.31407133,-0.32700413,-0.32912305,-0.3156403,-0.3438029,-0.2885812,-0.37647325,-0.21144833,-0.6388833,-0.6273312,0.38942486,0.8288143,0.8288143,0.82884747,0.469223,-0.5447291,-0.06793844,1.1500243,1.1499283,-0.30910745,1.3187505,-0.51927435,-0.2256525,-0.21936093
469,-0.38398051904697045,6.136256765361238e-20,0.38398051904697045,99.99999739570129,-0.27936304,-0.18288113,-0.31407133,-0.32700413,-0.32912305,-0.3156403,-0.3438029,-0.2885812,-0.37647325,-0.21144833,3.6352682,-0.5482378,2.298981,0.012299554,0.012299554,0.012414876,-1.446037,-0.5863959,2.3224373,1.3787596,1.3807456,2.1248214,0.05389591,-0.51789325,0.31117377,0.3053831
470,-0.38398051904697045,6.136274086989567e-20,0.38398051904697045,99.99999739570129,-0.27936304,-0.18288113,-0.31407133,-0.32700413,-0.32912305,-0.3156403,-0.3438029,-0.2885812,-0.37647325,-0.21144833,3.6325145,-0.5484793,2.3820052,0.014114644,0.014114644,0.01421861,-1.4846526,-0.58662224,2.6901872,1.346233,1.3440249,2.1248214,0.05389591,-0.51789325,0.29052663,0.29320806
471,-0.14276725053787231,6.383232287179471e-06,0.14277363729243184,100.00446653843152,-0.27936304,-0.18288113,-0.31407133,-0.32700413,-0.32912305,-0.3156403,-0.3438029,-0.2885812,-0.37647325,-0.21144833,0.9517878,-0.6141691,0.5416358,0.62461,0.62461,0.6245343,0.23816024,-0.46945667,0.66756177,0.23403387,0.23190479,0.77263874,0.05389591,-0.5212308,1.3435321,1.3366086
472,-0.14276725053787231,6.383419237382066e-06,0.14277363729243184,100.00446653843152,-0.27936304,-0.18288113,-0.31407133,-0.32700413,-0.32912305,-0.3156403,-0.3438029,-0.2885812,-0.37647325,-0.21144833,0.6354486,-0.6187578,0.53471714,0.69540083,0.69540083,0.69553566,0.089262694,-0.53627574,0.29981166,-0.18041769,-0.18251728,0.5022022,0.05389591,-0.5212308,1.5500038,1.5581943
473,-0.232176524459147,0.00019121134834017094,0.2323677346986883,100.08235123329182,-0.27936304,-0.18288113,-0.31407133,-0.32700413,-0.32912305,-0.3156403,-0.3438029,-0.2885812,-0.37647325,-0.21144833,1.0950686,-0.618637,0.4516929,0.68481255,0.68481255,0.6848773,-0.21486518,-0.543179,0.20787413,0.11546927,0.116496116,0.97546613,0.05389591,-0.521768,0.8273529,0.8264746
474,-0.0642606880442769,3.4485955166910926e-06,0.06426413649437475,100.00535078236388,-0.27936304,-0.18288113,-0.31407133,-0.32700413,-0.32912305,-0.3156403,-0.3438029,-0.2885812,-0.37647325,-0.21144833,-0.527828,1.641261,-1.0565796,-1.5850322,-1.5850322,-1.5850316,1.181943,1.7339573,-0.80343866,-1.0166656,-1.0166074,-1.0528079,0.30686682,-0.47158882,-0.783126,-0.7830651
475,-0.0642606880442769,3.4485955322951687e-06,0.06426413649437475,100.00535078236388,-0.27936304,-0.18288113,-0.31407133,-0.32700413,-0.32912305,-0.3156403,-0.3438029,-0.2885812,-0.37647325,-0.21144833,-0.527828,1.641261,-1.0565796,-1.5850322,-1.5850322,-1.5850316,1.181943,1.7339573,-0.80343866,-1.0166656,-1.0166074,-1.0528079,0.30686682,-0.47151208,-0.783126,-0.7830651
476,-0.41266827548251434,6.507589332362164e-27,0.41266827548251434,99.99999757674618,-0.27936304,-0.18288113,-0.31407133,-0.32700413,-0.32912305,-0.3156403,-0.3438029,-0.2885812,-0.37647325,-0.21144833,0.28800544,1.641261,-1.0565796,-1.5850322,-1.5850322,-1.5850316,1.181943,1.7339573,-0.80343866,-1.0166656,-1.0166074,-1.0528079,0.30686682,-0.5132513,-0.783126,-0.7830651
477,-0.41266827548251434,6.507593329610882e-27,0.41266827548251434,99.99999757674618,-0.27936304,-0.18288113,-0.31407133,-0.32700413,-0.32912305,-0.3156403,-0.3438029,-0.2885812,-0.37647325,-0.21144833,0.28800544,1.641261,-1.0565796,-1.5850322,-1.5850322,-1.5850316,1.181943,1.7339573,-0.80343866,-1.0166656,-1.0166074,-1.0528079,0.30686682,-0.5104508,-0.783126,-0.7830651
478,-0.3925166095004362,1.5780798203844445e-31,0.3925166095004362,99.99999745233717,-0.27936304,-0.18288113,-0.31407133,-0.32700413,-0.32912305,-0.3156403,-0.3438029,-0.2885812,-0.37647325,-0.21144833,-0.13622792,-0.591709,0.7491963,0.34295937,0.34295937,0.34282497,-0.8167189,-0.5920145,1.2191869,2.121625,2.1204104,0.6374205,0.55983776,-0.5208472,1.6119453,1.6141994
479,-0.3357238728626102,3.934654950340569e-21,0.3357238728626102,99.99999702136175,-0.27936304,-0.18288113,-0.31407133,-0.32700413,-0.32912305,-0.3156403,-0.3438029,-0.2885812,-0.37647325,-0.21144833,-0.31285587,-0.56888664,1.0812929,0.12423379,0.12423379,0.12424599,-0.12749265,-0.58970934,-0.06793844,0.8856147,0.8876359,-0.5119349,-0.45204595,-0.5216145,-0.4734185,-0.4799067
480,-0.4811199722336788,1.0840251404579424e-26,0.4811199722336788,99.99999792151638,-0.27936304,-0.18288113,-0.31407133,-0.32700413,-0.32912305,-0.3156403,-0.3438029,-0.2885812,-0.37647325,-0.21144833,1.9160012,-0.5627282,1.6693808,0.087023176,0.087023176,0.087187596,-1.3555338,-0.58854634,1.770812,1.4522067,1.4541876,1.0430753,1.3187505,-0.51927435,4.750314,4.7407484
481,-0.40528255350449505,4.1396293238898696e-19,0.40528255350449505,99.99999753258568,-0.27936304,-0.18288113,-0.31407133,-0.32700413,-0.32912305,-0.3156403,-0.3438029,-0.2885812,-0.37647325,-0.21144833,2.7014449,-0.544736,2.077583,-0.0031292548,-0.0031292548,-0.0029987863,-2.726082,-0.55864525,3.517625,3.4898396,3.489577,2.0572124,0.55983776,-0.5207321,-0.32888836,-0.33380628
482,-0.3854191198068507,1.3314153551810917e-16,0.3854191198068507,99.999997405422,-0.27936304,-0.18288113,-0.31407133,-0.32700413,-0.32912305,-0.3156403,-0.3438029,-0.2885812,-0.37647325,-0.21144833,0.19336878,-0.593158,1.6693808,0.4131451,0.4131451,0.4130063,-0.1862799,-0.5922601,1.586937,0.49109882,0.48895136,1.3811209,1.0657796,-0.521461,1.2402962,1.2428608
483,-0.4228893647006914,1.0633078081988132e-05,0.4228999971174726,100.0025118665582,-0.27936304,-0.18288113,-0.31407133,-0.32700413,-0.32912305,-0.3156403,-0.3438029,-0.2885812,-0.37647325,-0.21144833,0.5028756,-0.6216558,0.13343363,0.7114346,0.7114346,0.71127725,-0.7578593,-0.54971206,-0.06793844,-0.36928168,-0.3713679,0.77263874,0.8128087,-0.52008,0.22858514,0.22502786
484,6.885038572199204,6.753889757044175,0.1311488151550293,1.904837766546517,-0.27936304,-0.18288113,-0.31407133,-0.32700413,-0.32912305,-0.3156403,-0.3438029,-0.2885812,-0.37647325,-0.21144833,-0.527828,1.641261,-1.0565796,-1.5850322,-1.5850322,-1.5850316,1.1617115,1.7339573,-0.80343866,-1.0166656,-1.0166074,-1.0528079,-1.2109587,-0.4725095,-0.783126,-0.7830651
485,6.885038572199204,6.753889775743671,0.1311487964555329,1.9048374949504152,-0.27936304,-0.18288113,-0.31407133,-0.32700413,-0.32912305,-0.3156403,-0.3438029,-0.2885812,-0.37647325,-0.21144833,-0.527828,1.641261,-1.0565796,-1.5850322,-1.5850322,-1.5850316,1.1617115,1.7339573,-0.80343866,-1.0166656,-1.0166074,-1.0528079,-1.2109587,-0.51731783,-0.783126,-0.7830651
486,-0.19527831585968242,0.0001276974251274677,0.19540601384405995,100.06538768898976,-0.27936304,-0.18288113,-0.31407133,-0.32700413,-0.32912305,-0.3156403,-0.3438029,-0.2885812,-0.37647325,-0.21144833,0.046926666,-0.635301,-0.5376785,0.9123114,0.9123114,0.91214687,0.67030853,-0.5857584,-0.80343866,-0.59906626,-0.5969394,-0.30910745,0.55983776,-0.5203869,0.68282276,0.6779392
487,-0.241147980093956,0.00041461024974363256,0.24156258854211546,100.17192697645869,-0.27936304,-0.18288113,-0.31407133,-0.32700413,-0.32912305,-0.3156403,-0.3438029,-0.2885812,-0.37647325,-0.21144833,0.31237844,-0.6148937,0.666172,0.6469969,0.6469969,0.64699894,-1.4189403,-0.58741164,0.66756177,0.796429,0.79845655,0.97546613,0.8128087,-0.5205786,0.9305887,0.9299624
488,0.3429768459469664,0.34527862714786156,0.02555870951390734,7.452021636660934,-0.27936304,-0.18288113,-0.31407133,-0.32700413,-0.32912305,-0.3156403,-0.3438029,-0.2885812,-0.37647325,-0.21144833,-0.527828,1.641261,-1.0565796,-1.5850322,-1.5850322,-1.5850316,1.181943,1.7339573,-0.80343866,-1.0166656,-1.0166074,-1.0528079,-1.2109587,1.9717674,-0.783126,-0.7830651
489,0.3429768459469664,0.34527862890093935,0.02555871243570365,7.452022488554075,-0.27936304,-0.18288113,-0.31407133,-0.32700413,-0.32912305,-0.3156403,-0.3438029,-0.2885812,-0.37647325,-0.21144833,-0.527828,1.641261,-1.0565796,-1.5850322,-1.5850322,-1.5850316,1.181943,1.7339573,-0.80343866,-1.0166656,-1.0166074,-1.0528079,-1.2109587,1.9717674,-0.783126,-0.7830651
490,-0.41077183566841424,1.2689942953790865e-14,0.41077183566841424,99.99999756555857,-0.27936304,-0.18288113,-0.31407133,-0.32700413,-0.32912305,-0.3156403,-0.3438029,-0.2885812,-0.37647325,-0.21144833,-0.3499763,-0.6292633,-0.9251247,0.79220885,0.79220885,0.792281,0.66529685,-0.58402526,-0.43568856,-0.17726997,-0.17727143,-0.579544,0.8128087,-0.51873726,0.8892945,0.88491476
491,-0.41077183566841424,1.2466711884073457e-14,0.41077183566841424,99.99999756555857,-0.27936304,-0.18288113,-0.31407133,-0.32700413,-0.32912305,-0.3156403,-0.3438029,-0.2885812,-0.37647325,-0.21144833,-0.4067787,-0.6432707,-0.89053124,1.0647838,1.0647838,1.0646439,0.9834966,-0.5833287,-0.80343866,-0.6357898,-0.6336603,-0.579544,0.8128087,-0.5190825,-0.16371101,-0.1682258
492,-0.15309908986091614,0.0001151415053755045,0.15321423610051474,100.07520373385815,-0.27936304,-0.18288113,-0.31407133,-0.32700413,-0.32912305,-0.3156403,-0.3438029,-0.2885812,-0.37647325,-0.21144833,-0.32386962,1.641261,-1.0565796,-1.5850322,-1.5850322,-1.5850316,0.31780848,1.7339573,-0.80343866,-1.0166656,-1.0166074,-1.0528079,-0.19907501,-0.5207705,-0.783126,-0.7830651
493,-0.40793411521350637,4.2893533090052406e-17,0.40793411521350637,99.99999754862382,-0.27936304,-0.18288113,-0.31407133,-0.32700413,-0.32912305,-0.3156403,-0.3438029,-0.2885812,-0.37647325,-0.21144833,1.6183238,-0.5937618,0.19570169,0.32692543,0.32692543,0.32691935,-0.68624496,-0.58695453,1.0353119,0.81426615,0.81419396,0.5022022,0.05389591,-0.5202718,1.8803585,1.8796152
494,-0.40793411521350637,4.3100177161084665e-17,0.40793411521350637,99.99999754862382,-0.27936304,-0.18288113,-0.31407133,-0.32700413,-0.32912305,-0.3156403,-0.3438029,-0.2885812,-0.37647325,-0.21144833,1.4078387,-0.60861444,0.6938467,0.5489788,0.5489788,0.5491057,-0.74182075,-0.58680993,0.29981166,0.89086086,0.8928819,0.5022022,0.05389591,-0.5205786,1.8803585,1.8698752
495,-0.42936942565674874,5.0042532273525e-19,0.42936942565674874,99.9999976710033,-0.27936304,-0.18288113,-0.31407133,-0.32700413,-0.32912305,-0.3156403,-0.3438029,-0.2885812,-0.37647325,-0.21144833,-0.8663988,-0.6369915,-1.0565796,0.93439555,0.93439555,0.9346115,1.0205437,-0.5937579,-0.80343866,-0.56758887,-0.5654643,-1.0528079,0.8128087,-0.5210007,-0.783126,-0.7830651
496,-0.42936942565674874,5.000371069038548e-19,0.42936942565674874,99.9999976710033,-0.27936304,-0.18288113,-0.31407133,-0.32700413,-0.32912305,-0.3156403,-0.3438029,-0.2885812,-0.37647325,-0.21144833,-0.8579346,-0.62032753,-1.0565796,0.6433666,0.6433666,0.6433915,0.95372874,-0.59375614,-0.80343866,-0.40810376,-0.40808883,-1.0528079,0.8128087,-0.51873726,-0.783126,-0.7830651
497,-0.4294135366000381,5.77656402878852e-27,0.4294135366000381,99.99999767124254,-0.27936304,-0.18288113,-0.31407133,-0.32700413,-0.32912305,-0.3156403,-0.3438029,-0.2885812,-0.37647325,-0.21144833,0.28800544,1.641261,-1.0565796,-1.5850322,-1.5850322,-1.5850316,1.0588573,1.7339573,-0.80343866,-1.0166656,-1.0166074,-1.0528079,2.3306344,-0.5207705,-0.783126,-0.7830651
498,-0.4294135366000381,5.777001010019819e-27,0.4294135366000381,99.99999767124254,-0.27936304,-0.18288113,-0.31407133,-0.32700413,-0.32912305,-0.3156403,-0.3438029,-0.2885812,-0.37647325,-0.21144833,0.28800544,1.641261,-1.0565796,-1.5850322,-1.5850322,-1.5850316,1.0352803,1.7339573,-0.80343866,-1.0166656,-1.0166074,-1.0528079,2.5836053,-0.5206938,-0.783126,-0.7830651
499,-0.4201050523449393,8.98135236888729e-06,0.42011403277808546,100.00213528327797,-0.27936304,-0.18288113,-0.31407133,-0.32700413,-0.32912305,-0.3156403,-0.3438029,-0.2885812,-0.37647325,-0.21144833,0.40140623,-0.5783054,1.122805,0.21408364,0.21408364,0.21394041,-0.2662237,-0.58992076,0.5756242,0.4575229,0.45747632,0.7050296,1.5717214,-0.5215761,-0.26694685,-0.26075605
500,0.21953383292637618,0.19566760051484203,0.028339367579011357,12.908883296192,-0.27936304,-0.18288113,-0.31407133,-0.32700413,-0.32912305,-0.3156403,-0.3438029,-0.2885812,-0.37647325,-0.21144833,-0.527828,1.641261,-1.0565796,-1.5850322,-1.5850322,-1.5850316,1.181943,1.7339573,-0.80343866,-1.0166656,-1.0166074,-1.0528079,-0.9579878,-0.45064247,-0.783126,-0.7830651
501,-0.31163893201771903,1.7314721624967306e-19,0.31163893201771903,99.99999679115841,-0.27936304,-0.18288113,-0.31407133,-0.32700413,-0.32912305,-0.3156403,-0.3438029,-0.2885812,-0.37647325,-0.21144833,-0.527828,1.641261,-1.0565796,-1.5850322,-1.5850322,-1.5850316,1.181943,1.7339573,-0.80343866,-1.0166656,-1.0166074,-1.0528079,-0.19907501,-0.4725479,-0.783126,-0.7830651
502,-0.31163893201771903,1.731472529963608e-19,0.31163893201771903,99.99999679115841,-0.27936304,-0.18288113,-0.31407133,-0.32700413,-0.32912305,-0.3156403,-0.3438029,-0.2885812,-0.37647325,-0.21144833,-0.527828,1.641261,-1.0565796,-1.5850322,-1.5850322,-1.5850316,1.181943,1.7339573,-0.80343866,-1.0166656,-1.0166074,-1.0528079,-0.19907501,-0.47431257,-0.783126,-0.7830651
503,0.4508540256350648,0.4532383820589851,0.024897256318260643,5.522243198553346,-0.27936304,-0.18288113,-0.31407133,-0.32700413,-0.32912305,-0.3156403,-0.3438029,-0.2885812,-0.37647325,-0.21144833,-0.527828,1.641261,-1.0565796,-1.5850322,-1.5850322,-1.5850316,1.181943,1.7339573,-0.80343866,-1.0166656,-1.0166074,-1.0528079,-1.2109587,1.9717674,-0.783126,-0.7830651
504,0.12064811397416919,0.10232746104399364,0.01884555977349188,15.620267562160123,-0.27936304,-0.18288113,-0.31407133,-0.32700413,-0.32912305,-0.3156403,-0.3438029,-0.2885812,-0.37647325,-0.21144833,-0.09227493,-0.5888109,0.8944886,0.30998412,0.30998412,0.3100299,-1.5174323,-0.5915464,0.94337434,0.6002202,0.5991142,0.7050296,-1.2109587,-0.5205786,0.74476427,0.74003184
505,0.12064811397416919,0.10232746104399364,0.01884555977349188,15.620267562160123,-0.27936304,-0.18288113,-0.31407133,-0.32700413,-0.32912305,-0.3156403,-0.3438029,-0.2885812,-0.37647325,-0.21144833,-0.028945865,-0.57492435,1.2473413,0.1850413,0.1850413,0.18508077,-1.522597,-0.5922716,1.3111244,0.9716528,0.97156954,0.7050296,-1.2109587,-0.5207705,1.0751189,1.0736278
506,0.10981022975608415,0.1038918195328876,0.23634812922454349,215.23323302957124,-0.27936304,-0.18288113,-0.31407133,-0.32700413,-0.32912305,-0.3156403,-0.3438029,-0.2885812,-0.37647325,-0.21144833,-0.7786967,-0.64097637,-0.37854886,1.0345314,1.0345314,1.0344723,0.6071477,-0.5927353,-0.2518135,0.633796,0.6358352,-0.17388919,1.3187505,-0.51981145,0.22858514,0.23233289
507,-0.21663439609840804,0.00017182400222059098,0.21680621978114634,100.07931043172351,-0.27936304,-0.18288113,-0.31407133,-0.32700413,-0.32912305,-0.3156403,-0.3438029,-0.2885812,-0.37647325,-0.21144833,-0.119911276,1.641261,-1.0565796,-1.5850322,-1.5850322,-1.5850316,1.181943,1.7339573,-0.80343866,-1.0166656,-1.0166074,-1.0528079,0.8128087,-0.5178165,-0.783126,-0.7830651
508,-0.22305931837535373,0.00017349451866489378,0.22323281128032535,100.07777433305982,-0.27936304,-0.18288113,-0.31407133,-0.32700413,-0.32912305,-0.3156403,-0.3438029,-0.2885812,-0.37647325,-0.21144833,-0.119911276,1.641261,-1.0565796,-1.5850322,-1.5850322,-1.5850316,1.181943,1.7339573,-0.80343866,-1.0166656,-1.0166074,-1.0528079,0.55983776,-0.5185838,-0.783126,-0.7830651
509,-0.3484412268096325,1.3081832958942315e-05,0.348454308276083,100.00375141202291,-0.27936304,-0.18288113,-0.31407133,-0.32700413,-0.32912305,-0.3156403,-0.3438029,-0.2885812,-0.37647325,-0.21144833,0.6884777,-0.6258822,0.05040939,0.7701245,0.7701245,0.77014434,0.47209927,-0.5614124,-0.43568856,-0.42908862,-0.42907226,0.6374205,1.5717214,-0.51946616,-0.16371101,-0.15605076
510,-0.3941418370779823,2.4887258158310558e-26,0.3941418370779823,99.99999746284236,-0.27936304,-0.18288113,-0.31407133,-0.32700413,-0.32912305,-0.3156403,-0.3438029,-0.2885812,-0.37647325,-0.21144833,-0.527828,1.641261,-1.0565796,-1.5850322,-1.5850322,-1.5850316,1.181943,1.7339573,-0.80343866,-1.0166656,-1.0166074,-1.0528079,-1.2109587,-0.48919752,-0.783126,-0.7830651
511,-0.4531691898317898,2.486289678344268e-26,0.4531691898317898,99.9999977933187,-0.27936304,-0.18288113,-0.31407133,-0.32700413,-0.32912305,-0.3156403,-0.3438029,-0.2885812,-0.37647325,-0.21144833,-0.527828,1.641261,-1.0565796,-1.5850322,-1.5850322,-1.5850316,1.181943,1.7339573,-0.80343866,-1.0166656,-1.0166074,-1.0528079,-1.2109587,-0.48919752,-0.783126,-0.7830651
512,-0.21396400998620427,1.0230112603907012e-20,0.21396400998620427,99.99999532631702,-0.27936304,-0.18288113,-0.31407133,-0.32700413,-0.32912305,-0.3156403,-0.3438029,-0.2885812,-0.37647325,-0.21144833,-0.44267538,-0.62781423,-0.28168726,0.7894862,0.7894862,0.7894934,0.5493576,-0.5681029,-0.80343866,-0.46266446,-0.46054736,0.23176563,-0.70501685,-0.5218447,-0.14306384,-0.14874573
513,-0.3550169801010805,8.864777448573423e-06,0.3550258459998112,100.00249449997538,-0.27936304,-0.18288113,-0.31407133,-0.32700413,-0.32912305,-0.3156403,-0.3438029,-0.2885812,-0.37647325,-0.21144833,0.08404708,1.641261,-1.0565796,-1.5850322,-1.5850322,-1.5850316,1.181943,1.7339573,-0.80343866,-1.0166656,-1.0166074,-1.0528079,-0.45204595,-0.48206195,-0.783126,-0.7830651
514,-0.34715741872787476,6.048375036180467e-21,0.34715741872787476,99.99999711946248,-0.27936304,-0.18288113,-0.31407133,-0.32700413,-0.32912305,-0.3156403,-0.3438029,-0.2885812,-0.37647325,-0.21144833,0.40191615,-0.6138069,0.6938467,0.61674446,0.61674446,0.6166635,-1.5166153,-0.55366254,-0.2518135,-0.19405785,-0.19300905,1.1106844,1.0657796,-0.5213076,0.6002341,0.6085415
515,-0.2513715931597878,0.00010029591609125811,0.2514718890774484,100.0398954839767,-0.27936304,-0.18288113,-0.31407133,-0.32700413,-0.32912305,-0.3156403,-0.3438029,-0.2885812,-0.37647325,-0.21144833,-0.32386962,1.641261,-1.0565796,-1.5850322,-1.5850322,-1.5850316,1.1564945,-0.5939663,-0.80343866,-1.0166656,-1.0166074,-1.0528079,-0.45204595,-0.51800835,-0.783126,-0.7830651
516,-0.3484412268096325,1.3041377706995373e-16,0.3484412268096325,99.99999713007563,-0.27936304,-0.18288113,-0.31407133,-0.32700413,-0.32912305,-0.3156403,-0.3438029,-0.2885812,-0.37647325,-0.21144833,0.5552929,-0.61332387,0.12651494,0.5783237,0.5783237,0.5782934,-0.8739997,-0.55980545,0.85143685,0.79852736,0.79845655,0.36698392,1.5717214,-0.51919764,0.9718832,0.97379255
517,-0.3484412268096325,1.304299402358903e-16,0.3484412268096325,99.99999713007563,-0.27936304,-0.18288113,-0.31407133,-0.32700413,-0.32912305,-0.3156403,-0.3438029,-0.2885812,-0.37647325,-0.21144833,1.0070605,-0.59690136,0.3340754,0.37139657,0.37139657,0.37135664,-0.976657,-0.55688125,1.586937,1.2455056,1.2443537,0.6374205,1.8246924,-0.5195045,1.0338246,1.0273627
518,-0.2576475657668768,3.5958645871598456e-05,0.25768352898896907,100.01395441893261,-0.27936304,-0.18288113,-0.31407133,-0.32700413,-0.32912305,-0.3156403,-0.3438029,-0.2885812,-0.37647325,-0.21144833,-0.527828,1.641261,-1.0565796,-1.5850322,-1.5850322,-1.5850316,1.1617115,1.7339573,-0.80343866,-1.0166656,-1.0166074,-1.0528079,-0.9579878,-0.51689583,-0.783126,-0.7830651
519,-0.41077183566841424,6.226772623702806e-23,0.41077183566841424,99.99999756555857,-0.27936304,-0.18288113,-0.31407133,-0.32700413,-0.32912305,-0.3156403,-0.3438029,-0.2885812,-0.37647325,-0.21144833,0.3158458,-0.6366292,-0.44081694,0.94195867,0.94195867,0.9419904,0.58750284,-0.5897077,-0.80343866,-0.61795264,-0.6179228,0.09654736,1.3187505,-0.51900584,0.18729079,0.18119773
520,-0.41077183566841424,6.230812194010719e-23,0.41077183566841424,99.99999756555857,-0.27936304,-0.18288113,-0.31407133,-0.32700413,-0.32912305,-0.3156403,-0.3438029,-0.2885812,-0.37647325,-0.21144833,0.45402753,-0.6295048,0.21645777,0.84847844,0.84847844,0.8483605,0.5831235,-0.57880414,-0.43568856,-0.42069468,-0.41858053,0.1641565,1.3187505,-0.5190825,0.08405494,0.08136244
